来源,时间,标题
财联社,2025-08-04 21:18:19.000,深圳：推动人工智能在全域全时全行业充分应用
财联社,2025-08-04 21:17:28.000,广州花都或有极端天气 白云机场发布出行提示
财联社,2025-08-04 21:14:58.000,昊志机电：公司与客户共同开发的按摩机器人 已成功应用于美业专业连锁机构
财联社,2025-08-04 21:13:20.000,加沙停火谈判僵局难破 内塔尼亚胡或施“软硬两手”
财联社,2025-08-04 21:13:19.000,容大感光：公司向胜宏科技供应的主要是PCB光刻胶系列产品
财联社,2025-08-04 21:12:31.000,红旗连锁：永辉超市拟减持不超过1%股份
财联社,2025-08-04 21:08:20.000,佩通坦向泰国宪法法院提交违宪案辩护材料
财联社,2025-08-04 21:04:20.000,【财联社早知道】三星成立InnoX Lab负责推进AI、人形机器人等业务，机构预计2029年全球人形机器人市场规模将达1500亿元，这家公司重点聚焦高性能材料在人形机器人领域的应用
财联社,2025-08-04 21:00:33.000,航行警告 渤海执行军事任务
财联社,2025-08-04 20:59:06.000,美国股指期货温和走高 对美联储降息的预期升温
财联社,2025-08-04 20:59:05.000,通达股份：控股股东拟减持不超过3%公司股份
财联社,2025-08-04 20:58:50.000,俄罗斯莫斯科州音乐厅恐袭案有8名嫌疑人已部分认罪
财联社,2025-08-04 20:56:28.000,拓荆科技：股东拟询价转让公司2.5%股份
财联社,2025-08-04 20:55:31.000,神火股份：普天工贸拟减持0.90%公司股份
财联社,2025-08-04 20:54:06.000,国际油价继续扩大跌幅 WTI纽约原油跌2.6%
财联社,2025-08-04 20:53:23.000,透景生命：拟2.91亿元收购康录生物72.86%股份并计划进一步增持至82%
财联社,2025-08-04 20:52:04.000,预计降雨将在21时前后开始影响北京主城区
财联社,2025-08-04 20:08:27.000,国家电网用电负荷再创新高 12.22亿千瓦
财联社,2025-08-04 20:04:05.000,俄罗斯克拉舍宁尼科夫火山喷发 火山灰高达4000米
财联社,2025-08-04 20:03:32.000,蓝思科技：超薄汽车夹胶玻璃已成功导入头部新能源汽车客户的新车型
财联社,2025-08-04 20:01:18.000,我国卫星互联网低轨卫星发射成功
财联社,2025-08-04 19:57:27.000,【机构调研】这家企业数字化服务商携手华为打造新一代MOM行业产品解决方案
财联社,2025-08-04 19:56:16.000,小马智行ADR盘前上涨 瑞银将其初始评级定为“买入”
财联社,2025-08-04 19:50:17.000,国家防总办公室向内蒙古调拨中央应急抢险救灾物资 支持做好抗洪抢险工作
财联社,2025-08-04 19:40:20.000,2025ChinaJoy观众参观人次41.03万 创历史新高
财联社,2025-08-04 19:37:20.000,胜宏科技：减持主体共减持公司股份约237万股 减持计划完成
财联社,2025-08-04 19:34:48.000,电钴7月产量环比减少17.29% 价格继续上探
财联社,2025-08-04 19:34:34.000,BioNTech财报亏损收窄 新冠疫苗收入实现增长
财联社,2025-08-04 19:32:48.000,河北升级重大气象灾害暴雨应急响应至Ⅱ级
财联社,2025-08-04 19:31:41.000,关于城镇水电气计量 市场监管总局公开征求意见
财联社,2025-08-04 19:03:05.000,三超新材：控股股东变更为博达新能母公司 股票复牌
财联社,2025-08-04 19:02:39.000,哪吒汽车公开招募重整投资人
财联社,2025-08-04 18:56:36.000,长城军工：生产经营正常 无重大事项未披露
财联社,2025-08-04 18:54:56.000,赛腾股份：股票交易异常波动期间 孙丰于7月31日存在通过大宗交易减持公司股票的情形
财联社,2025-08-04 18:54:37.000,中国重工：拟被中国船舶吸收合并 公司股票可能终止上市
财联社,2025-08-04 18:54:33.000,证券业投顾逼近9万人大关 上半年增员0.25万人
财联社,2025-08-04 18:54:32.000,中国重工：因异议股东现金选择权实施 股票将连续停牌直至终止上市
财联社,2025-08-04 18:53:17.000,中国船舶：拟开展异议股东收购请求权有关事宜 股票停牌
财联社,2025-08-04 18:51:03.000,河南今天140个县市区最高温大于等于37℃ 高温持续
财联社,2025-08-04 18:48:32.000,雪迪龙：拟减持不超公司总股本1%
财联社,2025-08-04 18:48:12.000,乌称“摧毁”5架俄军战机 俄方暂无回应
财联社,2025-08-04 18:43:23.000,贵州茅台：累计回购股份345.17万股 支付金额53.01亿元
财联社,2025-08-04 18:41:47.000,广东省防总将防汛应急响应提升至Ⅲ级
财联社,2025-08-04 18:39:09.000,上纬新材：预计上半年度净利润2990万元 同比减少32.91%
财联社,2025-08-04 18:37:13.000,上纬新材：核查工作完成 8月5日起复牌
财联社,2025-08-04 18:34:42.000,中恒集团：全资子公司以5500万元受让一种治疗慢性心力衰竭的药物技术（专利权）
财联社,2025-08-04 18:06:05.000,加强个人境外收入监管 境外买卖股票收入也要缴税
财联社,2025-08-04 17:58:56.000,普利特：公司生产的改性PEEK等材料可用于机器人等相关行业 目前部分材料已批量供应于工业机器人领域
财联社,2025-08-04 17:57:20.000,中国海警依法驱离日非法进入我钓鱼岛领海船只
财联社,2025-08-04 17:55:39.000,赵薇所持1590万元股权遭冻结
财联社,2025-08-04 17:55:34.000,西菱动力：公司将机器人零部件业务作为未来重要的战略方向 拓展研发谐波减速器等产品
财联社,2025-08-04 17:54:58.000,绿通科技：拟5.3亿元收购大摩半导体51%股权 实现向半导体行业战略转型和产业升级
财联社,2025-08-04 17:54:57.000,南部战区海军位南海海域进行例行巡航
财联社,2025-08-04 17:52:13.000,瑞可达：人形机器人产品现已开始小批量供货 预计2025年销售收入约1000万
财联社,2025-08-04 17:50:31.000,北方长龙：计划于2025年8月29日披露《2025年半年度报告》
财联社,2025-08-04 17:47:03.000,芯联集成：上半年净亏损1.7亿元
财联社,2025-08-04 17:43:02.000,波音战机生产线千名工人罢工
财联社,2025-08-04 17:41:34.000,南向资金今日净流出近181亿港元 创近三个月最大单日净卖出
财联社,2025-08-04 17:34:21.000,东风股份：拟与东风进出口公司开展海外事业合作
财联社,2025-08-04 17:33:31.000,俄总统新闻秘书：不排除普京本周与美中东问题特使会见
财联社,2025-08-04 17:31:55.000,局地可达42℃以上 湖北发布高温红色预警
财联社,2025-08-04 17:29:42.000,【风口研报·公司】PEEK修补产品集采放量+生物3D打印产品进院节奏加快，这家公司覆盖神经外科耗材全产品线，受益“反内卷”+创新药械政策催化；这家公司延伸布局上游铜、金矿项目，明年业绩反转高增在即
财联社,2025-08-04 17:10:36.000,乐山电力：预计低谷电价政策减少公司2025年电力业务收益约1660万元
财联社,2025-08-04 17:10:17.000,海阳核电3号机组核岛模块吊装完成
财联社,2025-08-04 17:08:46.000,捷克电信运营商报告大规模断网 移动数据无法使用
财联社,2025-08-04 17:07:05.000,豪威集团：预计上半年净利润同比增长39.43%至49.67%
财联社,2025-08-04 17:06:22.000,联环药业：控股子公司药品盐酸林可霉素注射液通过仿制药一致性评价
财联社,2025-08-04 17:06:13.000,锦富技术：全资子公司拟10亿元投建“JF新材料一期东部生产基地”项目
财联社,2025-08-04 17:03:42.000,湘潭电化：子公司与固态电池企业合作研发锰酸锂应用
财联社,2025-08-04 17:03:21.000,央行公布7月中央银行各项工具流动性投放情况
财联社,2025-08-04 17:02:16.000,农业农村部召开防汛抗旱救灾工作调度视频会强调 全力以赴抗旱防汛保秋粮丰收
财联社,2025-08-04 17:00:52.000,极米科技：筹划发行H股股票并在香港联交所上市
财联社,2025-08-04 16:57:51.000,华工科技：1.6T自研硅光模块在重点客户已进入送样测试阶段
财联社,2025-08-04 16:55:55.000,广东佛山新增报告基孔肯雅热确诊病例216例
财联社,2025-08-04 16:54:21.000,唱空转看多 花旗预计金价短线有望升至纪录高位
财联社,2025-08-04 16:53:12.000,飞乐音响：股东临港集团拟减持不超过2963.98万股股份 占总股本1.1823%
财联社,2025-08-04 16:52:26.000,伊朗议会经济委员会批准货币改革方案
财联社,2025-08-04 16:51:17.000,20CM涨停隆扬电子：HVLP铜箔相关产品处于验证阶段 尚未形成收入
财联社,2025-08-04 16:51:12.000,北京市行政区全域为无人驾驶航空器管制空域
财联社,2025-08-04 16:03:08.000,汇宇制药：注射用HY05350完成I期临床试验首例受试者给药
财联社,2025-08-04 16:02:12.000,西昌电力：执行居民低谷时段电价政策 预计减少2025年度净利润约555万元
财联社,2025-08-04 16:00:32.000,《上海市基础研究“探索者计划”管理办法》印发
财联社,2025-08-04 16:00:07.000,一品红：全资子公司创新药APH03621片获得临床试验注册申请受理
财联社,2025-08-04 15:59:52.000,西藏天路：出售中国电建股票累计成交金额1.84亿元 预计增加投资净收益约4575万元
财联社,2025-08-04 15:58:05.000,自然资源部与中国气象局联合发布地质灾害气象风险预警
财联社,2025-08-04 15:54:27.000,柬埔寨国防部称泰军再次派兵侵入柬领土 泰方暂无回应
财联社,2025-08-04 15:49:31.000,8月4日连板股分析：连板股晋级率36% 军工、机器人板块表现强势
财联社,2025-08-04 15:49:07.000,太力科技：董事长提议实施2025年度中期分红
财联社,2025-08-04 15:48:51.000,泰恩康：CKBA软膏白癜风适应症II期临床试验结果达到预期目标
财联社,2025-08-04 15:47:09.000,俄研制出用于航天器的霍尔效应推进器
财联社,2025-08-04 15:46:22.000,润都股份：苯磺顺阿曲库铵获得化学原料药上市申请批准通知书
财联社,2025-08-04 15:46:09.000,龙图光罩：为英诺赛科提供半导体掩模版
财联社,2025-08-04 15:41:50.000,金域医学：已开展基孔肯雅热病毒检测
财联社,2025-08-04 15:40:13.000,外高桥：下属公司为英诺赛科在港交所上市提供了咨询服务
新浪财经,2025-08-04 15:40:00.000,饰品董秘薪酬PK：菜百股份董秘李沄沚年薪149万，远超行业平均水平
新浪财经,2025-08-04 15:40:00.000,饰品董秘薪酬PK：迪阿股份业绩断崖式下滑、市值缩水超500亿 却为董秘黄水荣支付127万年薪
新浪财经,2025-08-04 15:40:00.000,饰品董秘薪酬PK：飞亚达董秘宋瑶明年薪业内最高达186万 公司营收、净利润创五年新低！
新浪财经,2025-08-04 15:40:00.000,饰品董秘薪酬PK：迪阿股份高管带头减薪？董秘黄水荣年薪仍达127万，远超行业平均水平
新浪财经,2025-08-04 15:40:00.000,饰品董秘薪酬PK：飞亚达董秘宋瑶明年薪业内最高达186万 是明牌珠宝董秘陈凯年薪的7倍多
财联社,2025-08-04 15:12:25.000,安踏回应收购锐步
财联社,2025-08-04 15:09:58.000,腾讯混元 0.5B、1.8B、4B、7B模型发布
财联社,2025-08-04 15:03:14.000,财政部拟发行2025年记账式贴现（四十八期）国债 招标面值总额600亿元
财联社,2025-08-04 15:02:46.000,收评：沪指低开高走涨0.66% 军工板块20余股涨停
财联社,2025-08-04 15:00:41.000,国内商品期货收盘 鸡蛋跌超4%
财联社,2025-08-04 14:57:50.000,广东未来三天强降雨连连 局地或有特大暴雨
财联社,2025-08-04 14:54:14.000,小马智行启动上海浦东自动驾驶出行服务
财联社,2025-08-04 14:52:10.000,德商银行：美国的降息情绪可能会持续
财联社,2025-08-04 14:50:58.000,商务部：上半年服务进出口总额38872.6亿元 同比增长8.0%
财联社,2025-08-04 14:49:44.000,预告
财联社,2025-08-04 14:43:17.000,机器人概念持续走强 浙江荣泰涨停创历史新高
财联社,2025-08-04 14:39:48.000,【电报解读】可解决低空经济发展的最大制约因素，机构称反无人机系统存在巨大发展空间，这家公司已完成反无人机产品的升级
财联社,2025-08-04 14:09:52.000,北京：行政区全域为无人驾驶航空器管制空域
财联社,2025-08-04 14:07:09.000,生物疫苗概念股集体异动 天坛生物直线拉升涨停
财联社,2025-08-04 14:05:17.000,创业板指翻红 军工股领涨市场
财联社,2025-08-04 14:03:16.000,上海：支持企业投入基础研究税收优惠
财联社,2025-08-04 14:02:38.000,上海：支持企业加大基础研究投入力度 加强技术储备
财联社,2025-08-04 14:02:25.000,上海：鼓励高校基金会拓展资助方向 进一步加强对基础研究的资助
财联社,2025-08-04 14:01:40.000,上海：吸纳更多集成电路、生物医药、人工智能等产业领域企业加入“探索者计划”
财联社,2025-08-04 13:57:54.000,我国在艾滋病疫苗研发领域取得重要进展
财联社,2025-08-04 13:54:04.000,泰柬边境联合委员会秘书处会议在马来西亚启动
财联社,2025-08-04 13:51:06.000,【盘中宝】细分场景应用中迈出关键一步，低空经济产业快速发展，头部厂商意向订单纷至沓来，这家公司已与行业头部企业达成战略合作
财联社,2025-08-04 13:48:41.000,焦煤期货主力合约日内涨幅扩大至1% 此前一度跌超4%
财联社,2025-08-04 13:43:30.000,南向资金净卖出超120亿港元
同花顺,2025-08-04 13:20:26.000,容大感光：向胜宏科技供应的产品主要是PCB光刻胶系列产品
同花顺,2025-08-04 13:17:24.000,广州花都或有极端天气，白云机场发布出行提示
财联社,2025-08-04 13:17:21.000,南向资金净卖出超100亿港元
财联社,2025-08-04 13:14:33.000,正式测定：千岛群岛以东海域发生6.2级地震 震源深度10千米
同花顺,2025-08-04 13:09:50.000,红旗连锁：永辉超市拟减持不超1%股份
财联社,2025-08-04 13:09:41.000,违反香港国安法 香港特区政府对16名潜逃者采取针对性措施
财联社,2025-08-04 13:08:49.000,华润集团董事长王祥明调研长电科技晟碟半导体工厂
财联社,2025-08-04 13:08:22.000,创新药概念股局部反弹 翰宇药业午后直线拉升涨超10%
同花顺,2025-08-04 13:07:54.000,泰国总理佩通坦已向宪法法院提交辩护材料
财联社,2025-08-04 13:05:49.000,搜狐Q2营收1.26亿美元 净亏损同比收窄超40%
同花顺,2025-08-04 13:04:25.000,黑色系期货走高
财联社,2025-08-04 13:03:35.000,独家|赛诺菲确认阿利西尤单抗注射液停供 在华心血管产品策略将升级
同花顺,2025-08-04 13:00:40.000,国内期货夜盘开盘涨跌不一
同花顺,2025-08-04 12:56:50.000,上海首推“真无人”Robotaxi服务
财联社,2025-08-04 12:53:42.000,【机构调研】这家本土数控系统供应商在3C领域实现数万台套批量配套
同花顺,2025-08-04 12:51:18.000,神火股份：普天工贸3个月拟减持0.90%
同花顺,2025-08-04 12:51:13.000,北京市降雨逐步推开 预计21时前后影响主城区
同花顺,2025-08-04 12:51:11.000,通达股份：实控人拟减持3.00%股份
同花顺,2025-08-04 12:51:06.000,康泰医学：王桂丽三个月内拟减持2.99%
同花顺,2025-08-04 12:50:57.000,飞鹿股份：范国栋3个月内拟减持0.10%
同花顺,2025-08-04 12:50:33.000,萝卜快跑与Lyft达成战略合作
同花顺,2025-08-04 12:49:36.000,晶雪节能：常润实业3个月内拟减持3%
同花顺,2025-08-04 12:46:51.000,拓荆科技：股东拟询价转让699.32万股，占总股本2.50%
财联社,2025-08-04 12:45:50.000,北京多区发布暴雨红色预警 今天午后至夜间局地或现大暴雨
同花顺,2025-08-04 12:45:40.000,步科股份：上海步进拟减持3%股份
财联社,2025-08-04 12:33:47.000,北京7区启动防汛一级应急响应
财联社,2025-08-04 12:30:17.000,受广东持续强降雨影响 部分铁路停运或限速
财新网,2025-08-04 12:30:00.000,夜读深度：一路降息的寿险
财联社,2025-08-04 12:26:54.000,香港宽频：中国移动拟10.8亿港元收购约14.44%公司股份
财联社,2025-08-04 12:26:15.000,中国机械工业联合会罗俊杰：上半年机械工业产品产销形势整体好于去年同期
财联社,2025-08-04 12:22:30.000,绿景中国地产：清盘呈请聆讯进一步延期至11月3日
财联社,2025-08-04 12:05:39.000,财联社8月4日午间新闻精选
同花顺,2025-08-04 12:05:12.000,中电环保：2025年上半年净利润5393.68万元，同比增长2.87%
财联社,2025-08-04 12:03:55.000,港股午评：恒生指数涨0.49% 恒生科技指数涨0.93%
同花顺,2025-08-04 12:03:17.000,海博思创与范式集团成立合资公司 开启“AI+储能”新纪元
财联社,2025-08-04 12:02:56.000,黑芝麻：控股股东筹划公司控制权变更事项
同花顺,2025-08-04 11:59:19.000,宁通信B：2025年上半年净亏损715.32万元，同比收窄24.37%
同花顺,2025-08-04 11:59:00.000,德尔股份：戊戌15号减持1.98%完成
同花顺,2025-08-04 11:52:24.000,马来西亚武装部队总司令：泰柬两国在马会谈展现诚意
财联社,2025-08-04 11:50:06.000,印尼塞梅鲁火山喷发 火山灰柱高达800米
财联社,2025-08-04 11:50:03.000,8月4日午间涨停分析
同花顺,2025-08-04 11:47:36.000,联动科技：高管完成0.0315%减持
同花顺,2025-08-04 11:44:08.000,抖音生活服务严打资质造假，处置6.2万违规商家
同花顺,2025-08-04 11:44:05.000,南威软件：吴志雄及其一致行动人持股比例减少1.27%
财联社,2025-08-04 11:42:04.000,美一架民用飞机闯入限制空域 美战机紧急升空拦截
同花顺,2025-08-04 11:39:46.000,天立国际控股：将视市况进行股份购回
同花顺,2025-08-04 11:38:52.000,李成钢国际贸易谈判代表兼副部长在京会见维萨公司全球总裁詹嘉睿
财联社,2025-08-04 11:32:11.000,午评：沪指半日低开高走涨0.2% 军工板块集体爆发
财联社,2025-08-04 11:25:03.000,工业硅期货主力合约日内跌幅扩大至4%
财联社,2025-08-04 11:24:20.000,游戏股震荡拉升 巨人网络触及涨停
财联社,2025-08-04 11:23:51.000,VinFast高管：计划在8月份推出印度制造的汽车 正洽谈在印度推出绿色智能出行方案
财联社,2025-08-04 11:23:26.000,【风口研报·公司】卡位新一轮3D先进封装+固态电池扩产核心设备，这家本土细分龙头具备底层成长逻辑，竞争对手多为海外龙头，为产业趋势确定性铲子股
同花顺,2025-08-04 11:17:06.000,盛大网络挖角代季峰，筹建新AGI公司欲对标DeepSeek
财联社,2025-08-04 11:15:05.000,胖东来：1-7月累计销售额133.86亿元
同花顺,2025-08-04 11:11:55.000,电影《南京照相馆》总票房破16亿元
财联社,2025-08-04 11:11:02.000,特朗普称美特使本周访俄
财联社,2025-08-04 11:08:45.000,债务高风险省份名单已调整 内蒙古确认退出
同花顺,2025-08-04 11:03:08.000,交通运输部提升强降雨防御响应至二级
财联社,2025-08-04 11:02:50.000,北京发布洪水蓝色预警
财联社,2025-08-04 11:02:08.000,云南省政协经济委员会原副主任孙乔宝接受纪律审查和监察调查
财联社,2025-08-04 11:01:32.000,以标准提升牵引设备更新和消费品以旧换新成效初显
同花顺,2025-08-04 11:00:41.000,三超新材：拟定增募资不超2.5亿元
同花顺,2025-08-04 11:00:12.000,三超新材：博达合一将成为公司的控股股东 股票复牌
财联社,2025-08-04 11:00:11.000,花旗上调未来0-3个月黄金价格预测至3500美元/盎司
同花顺,2025-08-04 10:58:50.000,国铁兰州局启动强降雨应急预案 确保旅客出行安全
财联社,2025-08-04 10:57:25.000,主力资金监控：中际旭创净卖出超4亿
同花顺,2025-08-04 10:55:48.000,第二批浮动费率基金首日募集超10亿元
同花顺,2025-08-04 10:54:53.000,漳州发展：拟定增募资不超过10.5亿元
财联社,2025-08-04 10:52:41.000,AI智能体概念异动拉升 云鼎科技直线涨停
同花顺,2025-08-04 10:52:37.000,中国重工：拟被中国船舶吸收合并，公司股票可能终止上市
财联社,2025-08-04 10:51:42.000,港股半导体股走强 英诺赛科涨超7%
财联社,2025-08-04 10:51:32.000,北京市房山区启动防汛一级应急响应
同花顺,2025-08-04 10:50:51.000,震有科技：实控人一致行动人宁波震有企业管理合伙企业（有限合伙）拟协议转让公司5.00%股份
同花顺,2025-08-04 10:49:23.000,亚足联：山东泰山因亚冠退赛被禁赛两年并罚款
同花顺,2025-08-04 10:46:35.000,Spotify美股盘前涨近5%
财联社,2025-08-04 10:46:15.000,7月股票型ETF净赎回规模扩大 有产品赎回超百亿
同花顺,2025-08-04 10:45:57.000,碧桂园：7月合同销售金额约27.7亿元
同花顺,2025-08-04 10:45:53.000,广东将水利防汛Ⅳ级应急响应提升至Ⅲ级
同花顺,2025-08-04 10:45:11.000,芳源股份：回购专户3个月内减持0.65%
同花顺,2025-08-04 10:43:57.000,雪迪龙：拟减持不超635.76万股，占总股本1%
同花顺,2025-08-04 10:43:33.000,雪迪龙：拟与怀柔硬科技公司共同出资1000万元设立控股子公司
财联社,2025-08-04 10:43:15.000,截至6月末机械工业应收账款平均回收期为105.3天
财联社,2025-08-04 10:42:32.000,医药股大幅走低 创新药方向领跌
财联社,2025-08-04 10:38:43.000,机械工业联合会：近期工信部即将印发机械、汽车、电力装备等行业稳增长工作方案
财联社,2025-08-04 10:38:10.000,交易商协会：相驭咨询、上海腾稳涉嫌违反银行间市场相关自律规则
同花顺,2025-08-04 10:38:07.000,上纬新材：预计2025年半年度净利润同比下降32.91%
同花顺,2025-08-04 10:37:52.000,上纬新材：公司生产经营未发生重大变化，股票复牌
财联社,2025-08-04 10:35:46.000,机械工业联合会：2025年机械工业主要指标增速在5.5%左右
财联社,2025-08-04 10:34:10.000,军工股涨势扩大 北方长龙等多股创历史新高
同花顺,2025-08-04 10:34:06.000,中恒集团：全资子公司中恒创新以5500万元受让取得一种治疗慢性心力衰竭的药物技术（专利权）
财联社,2025-08-04 10:33:51.000,我国牵头制定 全球首项鞋类有机溶剂测定国际标准发布
财联社,2025-08-04 10:32:56.000,【盘中宝】数据中心配套基建重要组成部分，国内厂商有望通过当前供需失衡的时间窗口，实现对数据中心用户的突破，这家核心零部件供应商客户包含多个国内外知名品牌
财联社,2025-08-04 10:32:27.000,中央气象台8月4日10时继续发布暴雨橙色预警
财联社,2025-08-04 10:31:33.000,中央气象台8月4日10时继续发布强对流天气蓝色预警
财联社,2025-08-04 10:30:03.000,今年上半年机械工业对主要经济体出口额保持两位数增长
财联社,2025-08-04 10:26:16.000,今年上半年机械工业货物贸易顺差同比增长23.3%
财联社,2025-08-04 10:18:31.000,日本三菱商事拟增持泰国食品仓储公司泰万盛13.8%股权
同花顺,2025-08-04 10:04:45.000,北京市水务局与市气象局升级发布积水内涝橙色预警
同花顺,2025-08-04 10:02:47.000,旋极信息：终止投资天地一体数字产业发展基金
同花顺,2025-08-04 09:58:49.000,北京保险机构已受理特大暴雨报案超5000件
同花顺,2025-08-04 09:57:01.000,南部战区：对菲拉拢域外国家搅局南海持续保持高度戒备
同花顺,2025-08-04 09:57:00.000,成都先导：华博器械拟3个月减持0.75%
同花顺,2025-08-04 09:55:02.000,绿通科技：拟5.3亿元取得大摩半导体51%股权
同花顺,2025-08-04 09:52:35.000,泰军方称柬方仍在持续增兵 柬方称泰军再次派兵侵入柬领土
同花顺,2025-08-04 09:52:26.000,腾亚精工：与关联方共同投资设立合资公司
同花顺,2025-08-04 09:52:18.000,西菱动力：公司将机器人零部件业务作为未来重要的战略方向
同花顺,2025-08-04 09:51:30.000,丰立智能：2025年上半年净利润同比下降68.79%
同花顺,2025-08-04 09:50:47.000,瑞可达：人形机器人产品目前尚处于产业初期，在公司的实际业绩中占比较小
同花顺,2025-08-04 09:46:05.000,正海生物：2025年上半年净利润4648.57万元，同比下降45.97%
同花顺,2025-08-04 09:45:13.000,航天智造：董事长辞职并补选新董事，提名罗传光为新董事候选人
同花顺,2025-08-04 09:44:12.000,芯联集成：2025年上半年净亏损1.7亿元，同比减亏63.82%
同花顺,2025-08-04 09:43:46.000,日盈电子：目前公司无人形机器人相关业务收入
同花顺,2025-08-04 09:42:40.000,贵州省农业农村厅原党组成员、副厅长陈波被依法决定逮捕
同花顺,2025-08-04 09:41:06.000,熙菱信息：预计债务重组将增加公司2025年度利润总额
财联社,2025-08-04 09:36:09.000,海南：推进卫星超级工厂建设 开工建设卫星部组件制造中心、火箭大部段制造中心等项目
财联社,2025-08-04 09:35:04.000,机器人、减速器概念延续强势 中马传动2连板
财联社,2025-08-04 09:34:43.000,军工板块冲高 多股涨超4%
财联社,2025-08-04 09:32:38.000,国家统计局：7月下旬生猪（外三元）价格跌2.1%
财联社,2025-08-04 09:27:26.000,竞价看龙头
财联社,2025-08-04 09:26:25.000,三大指数集体低开
财联社,2025-08-04 09:21:32.000,央行公开市场今日净投放490亿元
财联社,2025-08-04 09:20:50.000,香港恒生指数开盘跌0.31% 比亚迪股份跌近3%
财新网,2025-08-04 09:20:00.000,医药CXO景气回暖有几分？
财联社,2025-08-04 09:17:00.000,焦煤、焦炭期货主力合约日内跌幅扩大至4%
财联社,2025-08-04 09:15:43.000,韩拆除对朝扩音广播设施
财联社,2025-08-04 09:11:34.000,【盘中宝】低空+机器人+AI等新兴应用场景打开市场空间，机构称该行业产业化落地有望提速，预计2026-2027年普遍装车试验，这家企业为头部厂商提供产品
财联社,2025-08-04 09:10:03.000,中国人寿等在河北成立临空股权投资基金 出资额50亿
同花顺,2025-08-04 09:07:47.000,豪威集团：预计上半年净利润同比增加39.43%到49.67%
同花顺,2025-08-04 09:06:49.000,西部牧业：7月自产生鲜乳生产量环比下降6.22%
同花顺,2025-08-04 09:03:20.000,联环药业：盐酸林可霉素注射液通过仿制药一致性评价
同花顺,2025-08-04 09:03:01.000,威海广泰：上半年净利润8332.36万元，同比下降22.41%
同花顺,2025-08-04 09:02:39.000,锦富技术：全资子公司拟签订项目投资协议书 投资总额约10.14亿元
同花顺,2025-08-04 09:02:06.000,捷克电信运营商O2报告全国范围断网 移动数据无法使用
同花顺,2025-08-04 09:00:30.000,天坛生物：拟放弃收购派林生物商业机会
财联社,2025-08-04 09:00:09.000,国内商品期货早盘开盘 原油跌超3%
财联社,2025-08-04 08:58:59.000,武契奇称将于9月访华 届时可能会与普京在中国会面
同花顺,2025-08-04 08:58:11.000,远东股份：累计回购股份占总股本的1.00%
同花顺,2025-08-04 08:58:02.000,长虹美菱：首次回购0.1201%公司股份 交易金额902.18万元
财联社,2025-08-04 08:57:40.000,黑芝麻拟筹划控制权变更事项 股票临停
同花顺,2025-08-04 08:57:32.000,牧原股份：牧原集团质押展期8266万股
同花顺,2025-08-04 08:55:47.000,加沙媒体办公室：过去8天仅674辆卡车进入加沙地带
同花顺,2025-08-04 08:52:50.000,飞乐音响：临港集团拟减持1.1823%
财联社,2025-08-04 08:50:54.000,深交所：深港通下的港股通标的证券名单调整 调入FORTIOR、蓝思科技
同花顺,2025-08-04 08:50:20.000,南方顺丰物流REIT今日大宗交易溢价成交1316万股，成交额5348.22万元
同花顺,2025-08-04 08:50:13.000,凯尔达：2025年上半年净利润236.5万元，同比下降89.94%
同花顺,2025-08-04 08:49:00.000,*ST亚太：2025年上半年预亏2016.08万至2798.8万元
同花顺,2025-08-04 08:48:19.000,华电辽能：能源投资集团拟减持不超1%
同花顺,2025-08-04 08:47:42.000,浪潮信息：截至2025年7月31日，公司暂未实施股份回购
同花顺,2025-08-04 08:47:32.000,赤峰黄金：子公司取得新采矿权及变更采矿权、探矿权
财联社,2025-08-04 08:14:27.000,【九点特供】贡献了A股年内首只10倍股后，智元机器人又完成新一轮战略融资！分析师认为当前正处于人形机器人产业化的“破晓时刻”，这家公司承接了智元远征系列的模组及本体的总成代工
财联社,2025-08-04 08:11:39.000,财联社8月4日早间新闻精选
财联社,2025-08-04 08:11:20.000,墨西哥东部监狱骚乱致7人死亡
财联社,2025-08-04 08:09:35.000,世嘉科技：拟增资取得光彩芯辰不超20%股权
同花顺,2025-08-04 08:05:25.000,唐人神：累计回购0.61%公司股份
同花顺,2025-08-04 08:04:13.000,中国宝武钢铁集团又添一成员
同花顺,2025-08-04 08:02:01.000,丽臣实业：香港全资子公司注册登记完成
同花顺,2025-08-04 08:01:53.000,天键股份：全资子公司设立募集资金专户
财联社,2025-08-04 08:01:46.000,日经225指数开盘跌1.69%
财联社,2025-08-04 08:00:55.000,A股限售股解禁一览：90.22亿元市值限售股今日解禁
同花顺,2025-08-04 08:00:08.000,汇宇制药：注射用 HY05350 I 期临床试验首例受试者给药
财新网,2025-08-04 08:00:00.000,Terrific 20才是美股当红炸子鸡？
同花顺,2025-08-04 07:58:59.000,金达莱：子公司提起诉讼 涉案金额4079.99万元
财联社,2025-08-04 07:58:52.000,央行公开市场本周共16632亿元逆回购到期
同花顺,2025-08-04 07:57:47.000,一品红：子公司创新药APH03621片获得临床试验注册申请受理
同花顺,2025-08-04 07:57:12.000,西藏天路：出售中国电建股票确认投资净收益约4575.01万元
同花顺,2025-08-04 07:54:33.000,联测科技：以集中竞价方式首次回购公司股份
同花顺,2025-08-04 07:54:27.000,通宇通讯：控股股东解除质押1.45%公司股份
同花顺,2025-08-04 07:52:35.000,武契奇：将于9月访华 可能与普京在中国会面
同花顺,2025-08-04 07:51:36.000,新风光：累计回购204.11万股
同花顺,2025-08-04 07:51:26.000,上海洗霸：与有研稀土合资设立新设子公司，注册资本2亿元
同花顺,2025-08-04 07:51:10.000,普门科技：半导体激光脱毛仪获美国 FDA510(k)认证
同花顺,2025-08-04 07:50:52.000,霍普股份：联合体中标1.59亿元储能电站项目
同花顺,2025-08-04 07:50:38.000,精工钢构：董事黄幼仙因公司内部工作调整辞职
同花顺,2025-08-04 07:49:05.000,本溪北营鑫盛能源发展有限公司成立，注册资本3000万
同花顺,2025-08-04 07:46:14.000,泰恩康：CKBA软膏白癜风适应症II期临床试验初步结果达到预期目标
财联社,2025-08-04 07:40:38.000,【点金互动易】机器人+智能制造，制造设备用于新能源、医药、化工等产业，这家公司提供特种机器人解决方案
财联社,2025-08-04 07:38:32.000,华泰证券：短期A股或进入波动率放大的平台期，局部热点活跃或为基准情形
财联社,2025-08-04 07:37:18.000,新疆吐鲁番市托克逊县发生3.0级地震 震源深度21千米
财联社,2025-08-04 07:35:57.000,投资日历：周一资本市场大事提醒
财联社,2025-08-04 07:25:40.000,华润医疗：预计上半年公司拥有人应占利润同比降约20%至25%
财联社,2025-08-04 07:18:18.000,银行理财参与IPO网下打新出现“新面孔”
财联社,2025-08-04 07:09:45.000,美欧贸易协议失衡 经济学家警告德国将成最大输家
同花顺,2025-08-04 07:08:58.000,利仁科技成立小钢人科技公司
同花顺,2025-08-04 07:02:16.000,ETF收评：黄金股票ETF领涨5.04%，标普油气ETF领跌2.94%
同花顺,2025-08-04 07:02:10.000,欧洲主要股指开盘集体上涨
同花顺,2025-08-04 07:01:04.000,A股收评：沪指低开高走涨0.66%，机器人概念股午后集体走强
财联社,2025-08-04 07:00:54.000,周一（8月4日）重点关注财经事件和经济数据
同花顺,2025-08-04 06:54:29.000,商务部：上半年旅行服务进出口达10802.9亿元，增长12.3%
同花顺,2025-08-04 06:53:42.000,滴滴顺风车联合上海闵行警方，打击“猪猪侠”、“小狸”等多款顺风车外挂
同花顺,2025-08-04 06:52:23.000,南向资金净卖出超160亿港元
同花顺,2025-08-04 06:52:17.000,全国22条中小河流发生超警以上洪水
财联社,2025-08-04 06:51:53.000,俄称打击乌军用机场 乌称拦截俄导弹
同花顺,2025-08-04 06:51:12.000,预告：国新办将举行新闻发布会，介绍西藏自治区成立60周年经济社会发展成就
财联社,2025-08-04 06:49:16.000,机构：支撑A股向好的核心逻辑未变
同花顺,2025-08-04 06:48:45.000,湖北大数据集团同日成立4家公司 注册资本合计3.5亿
财联社,2025-08-04 06:47:58.000,看多亦做多 私募信心指数与满仓比例齐升
财联社,2025-08-04 06:47:43.000,【研选】游戏公司陆续进入新游周期及AI+游戏的持续催化，有望实现估值提振和基本面持续向好；国内管桩出海的绝对龙头，上半年业绩同比高增，主要系海外项目需求旺盛、交付量大幅增加
财联社,2025-08-04 06:46:26.000,中央气象台8月4日06时继续发布暴雨橙色预警
同花顺,2025-08-04 06:46:11.000,沪深京三市成交额超1.4万亿元，较上日此时缩量1116亿元
同花顺,2025-08-04 06:45:52.000,日本离岛最大储能电站投运 采用国轩高科液冷储能系统
财联社,2025-08-04 06:43:12.000,“真金白银”积极入市 资金共振趋势或延续
同花顺,2025-08-04 06:41:01.000,人形机器人板块尾盘持续走强，五洲新春等多股涨停
同花顺,2025-08-04 06:40:12.000,海泰新能在天津成立两家新能源公司
财联社,2025-08-04 06:37:39.000,政策红利释放 “A+H”热度攀升
财联社,2025-08-04 06:35:22.000,累计发行规模突破1万亿元 熊猫债市场空间持续拓展
同花顺,2025-08-04 06:34:15.000,智元机器人首届合作伙伴大会将于8月21日在上海举办
财联社,2025-08-04 06:33:06.000,多领域信号汇聚 新型政策性金融工具蓄势待发
同花顺,2025-08-04 06:31:38.000,深圳海上世界往返香港专线巴士开通，节省30分钟
同花顺,2025-08-04 06:31:19.000,日韩股市收盘涨跌不一
财联社,2025-08-04 06:31:15.000,最高涨幅344% 公募参与定增热情升温
同花顺,2025-08-04 06:31:10.000,黄金股ETF(517520)涨超4%
同花顺,2025-08-04 06:30:33.000,机器人板块涨超3%，机器人ETF易方达(159530)涨幅为2.39%
财联社,2025-08-04 06:29:37.000,7月新基金募资再超千亿
财新网,2025-08-04 06:25:00.000,日本央行下次加息可能在10月甚至更早？
财联社,2025-08-04 06:23:31.000,内塔尼亚胡重申“消灭”哈马斯
同花顺,2025-08-04 06:11:25.000,上海：吸纳更多集成电路、生物医药等产业领域企业加入“探索者计划”，
同花顺,2025-08-04 06:05:32.000,沪深京三市成交额超1.2万亿元，较上日此时缩量1112亿元
同花顺,2025-08-04 06:05:25.000,南向资金净卖出超140亿港元
同花顺,2025-08-04 06:05:15.000,A股三大指数午后全线翻红
财联社,2025-08-04 06:01:21.000,中央气象台8月4日06时继续发布高温橙色预警
同花顺,2025-08-04 05:58:58.000,生物制品板块短线拉升，天坛生物涨停
同花顺,2025-08-04 05:57:41.000,小马智行正式启动上海浦东部分区域自动驾驶出行服务
同花顺,2025-08-04 05:57:34.000,香港金融管理局：“跨境理财通”2个人投资者已逾16万人
同花顺,2025-08-04 05:55:57.000,三星电机据悉将为特斯拉机器人提供摄像头模组
同花顺,2025-08-04 05:55:55.000,南向资金净卖出超130亿港元
同花顺,2025-08-04 05:49:30.000,和睦家与阿里达摩院达成战略合作
同花顺,2025-08-04 05:49:10.000,中科曙光在上海新设子公司
同花顺,2025-08-04 05:47:00.000,星星充电等在内蒙古成立能源科技新公司
同花顺,2025-08-04 05:44:46.000,旅游及酒店板块震荡走低，西藏旅游触及跌停
财联社,2025-08-04 05:42:56.000,波音公司约3200名工人将参与罢工
同花顺,2025-08-04 05:37:48.000,港股英诺赛科日内涨超20%
同花顺,2025-08-04 05:16:15.000,创新药概念股局部走高，京新药业触及涨停
同花顺,2025-08-04 05:14:57.000,沪深京三市成交额超1万亿元，较上日此时缩量846亿元
同花顺,2025-08-04 05:09:59.000,液冷服务器板块午后拉升，思泉新材涨超10%
同花顺,2025-08-04 05:07:57.000,中国信达等成立芜湖信沪创投合伙企业
同花顺,2025-08-04 05:06:39.000,先锋电子在杭州新设智能系统公司
同花顺,2025-08-04 05:05:29.000,卫星产业ETF(159218)涨超3%
同花顺,2025-08-04 05:04:15.000,赛诺菲确认阿利西尤单抗注射液停供 在华心血管产品策略将升
同花顺,2025-08-04 05:00:18.000,翰宇药业与KuCoin达成战略合作 探索创新药RWA项目
财新网,2025-08-04 05:00:00.000,今日市场热点
同花顺,2025-08-04 04:57:12.000,浙江建成全国首个“生态省”
财联社,2025-08-04 04:54:32.000,不满就业数据 特朗普再批劳工统计局前局长制造“骗局”
同花顺,2025-08-04 04:50:21.000,社保基金持仓揭秘：新进4股，增持4股
同花顺,2025-08-04 04:43:04.000,北京多区发布暴雨红色预警 今天午后至夜间部分地区或现大暴雨
同花顺,2025-08-04 04:32:49.000,日本研究人员试用乙醇助植物耐高温
同花顺,2025-08-04 04:24:44.000,高德发布全球首个地图AI原生智能体
同花顺,2025-08-04 04:22:56.000,瑞银：如落实“购房资金通”将为本港楼市带来积极作用 对恒地、信置、新地及嘉里看法正面
同花顺,2025-08-04 04:21:24.000,花旗：中国游戏展上的热情表明行业复苏将持续
同花顺,2025-08-04 04:19:00.000,中央气象台继续发布强对流天气蓝色预警
财联社,2025-08-04 04:09:16.000,AI基础设施快速发展 机构积极调研相关公司
同花顺,2025-08-04 04:00:48.000,港股午评：恒指收涨0.49% 科指收涨0.93%
财新网,2025-08-04 04:00:00.000,数据发现：6月中国服务贸易逆差收窄
同花顺,2025-08-04 03:57:19.000,南向资金净卖出超90亿港元
同花顺,2025-08-04 03:52:13.000,8月4日午间公告一览：黑芝麻控股股东筹划公司控制权变更事项
同花顺,2025-08-04 03:50:56.000,硅基智能疑似回应全员裁员争议：预计全年新增岗位数百个，2026年将达到新增数千人的扩张节奏
同花顺,2025-08-04 03:50:26.000,据猫眼专业版数据，电影《戏台》上映11天， 观影人次破900万
同花顺,2025-08-04 03:49:33.000,"大疆全景相机被曝“镜头起雾”，影石创始人深夜回应：""只是个例"""
同花顺,2025-08-04 03:48:17.000,国信证券：RWA发展催化券商板块行情 后续行业仍有双击潜力
同花顺,2025-08-04 03:44:44.000,鑫宏业：正聚焦人形机器人线缆技术研发与产品迭代
同花顺,2025-08-04 03:43:08.000,天猫在三亚新设洋橙电商公司
财联社,2025-08-04 03:39:13.000,葡萄牙北部发生森林火灾 居民游客被紧急疏散
同花顺,2025-08-04 03:39:01.000,美国联合航空一航班起飞后引擎发生故障，飞行员发出紧急求救信号
同花顺,2025-08-04 03:36:49.000,高德地图宣布全面AI化
同花顺,2025-08-04 03:35:09.000,神州租车与宁德时代、时代电服、招银金租签署全面战略合作协议
同花顺,2025-08-04 03:32:34.000,以科技叙事擘画文明演进图谱《智绘光谷·CMG世界机器人技能大赛》开播
同花顺,2025-08-04 03:31:18.000,ETF午评：黄金股票ETF领涨4.06%，标普油气ETF领跌3.3%
同花顺,2025-08-04 03:30:53.000,A股午评：沪指半日涨0.2% 军工装备板块集体爆发
同花顺,2025-08-04 03:29:39.000,ETF两市成交额超2000亿元
同花顺,2025-08-04 03:29:04.000,合肥聚变能源关键核心装备研发能力提升项目主体结构封顶
同花顺,2025-08-04 03:28:19.000,南向资金净卖出超70亿港元
同花顺,2025-08-04 03:25:09.000,游戏ETF华泰柏瑞(516770)涨超3%
同花顺,2025-08-04 03:22:53.000,游戏板块持续拉升，巨人网络涨停
同花顺,2025-08-04 03:16:18.000,南向资金净卖出超60亿港元
同花顺,2025-08-04 03:12:03.000,债务高风险省份名单已调整！内蒙古确认退出
同花顺,2025-08-04 03:11:45.000,133.86亿元，胖东来公布最新销售业绩
同花顺,2025-08-04 03:10:29.000,创新药概念股集体走低，奥翔药业触及跌停
同花顺,2025-08-04 03:07:55.000,东阳光成立储能科技公司
同花顺,2025-08-04 03:07:07.000,北京市16条措施支持未来产业发展 鼓励政府基金、国企基金容忍正常投资风险
同花顺,2025-08-04 03:06:11.000,青茂口岸累计通关人次破亿 高效通关助力湾区融合
同花顺,2025-08-04 03:04:04.000,ETF两市成交额超1500亿元
财新网,2025-08-04 03:00:00.000,美债市场迎来疯狂买盘
同花顺,2025-08-04 02:50:59.000,小米宣布开源声音理解大模型MiDashengLM-7B
同花顺,2025-08-04 02:47:50.000,神州泰岳涨超8%，游戏ETF华泰柏瑞(516770)持有该股票7.75%
同花顺,2025-08-04 02:46:27.000,芯原股份涨超8%，科创AIETF(588790)持有该股票7.99%
同花顺,2025-08-04 02:44:29.000,交通运输部：上周国家铁路运输货物7769.4万吨，环比下降1.39%
同花顺,2025-08-04 02:44:25.000,南向资金净卖出超40亿港元
同花顺,2025-08-04 02:38:11.000,商贸文化交流再升温 首批青海玉树至尼泊尔跨境物流货运专车正式发车
财新网,2025-08-04 02:37:44.903,数据推荐：焦煤价格近期大涨
同花顺,2025-08-04 02:32:01.000,南向资金净卖出超30亿港元
同花顺,2025-08-04 02:30:50.000,沪深京三市成交额超7000亿元，较上日此时缩量344亿元
同花顺,2025-08-04 02:26:48.000,余承东：尊界S800上市67天大定超1万台
同花顺,2025-08-04 02:23:55.000,港股震荡走高，恒生科技指数涨超1%
同花顺,2025-08-04 02:23:43.000,ETF两市成交额超1000亿元
同花顺,2025-08-04 02:18:56.000,路虎中国宣布揽胜运动新车限量上市，售价103.6万
财联社,2025-08-04 02:18:01.000,叙利亚政权称其部队部署点遭叙库尔德武装袭击
同花顺,2025-08-04 02:16:24.000,今年上半年剧场类演出票房收入54.02亿元
同花顺,2025-08-04 02:12:15.000,南向资金净卖出超20亿港元
同花顺,2025-08-04 02:11:19.000,航空装备板块涨超3%，航空航天ETF(159227)涨幅为2.71%
同花顺,2025-08-04 02:10:49.000,军工装备板块涨超3%，军工龙头ETF(512710)涨幅为2.15%
财联社,2025-08-04 02:02:17.000,胡塞武装称对以色列发动三次“特殊军事行动”
财联社,2025-08-04 01:43:58.000,伊朗最高国家安全委员会批准成立伊朗国防委员会
同花顺,2025-08-04 01:36:28.000,机器人、减速器概念延续强势 中马传动4天3板
同花顺,2025-08-04 01:35:36.000,雅下水电概念股盘初活跃，山河智能、文科股份触及涨停
同花顺,2025-08-04 01:34:45.000,海南：打造数字经济创新高地
同花顺,2025-08-04 01:34:04.000,海南：加快培育商业航天全产业链
同花顺,2025-08-04 01:32:48.000,军工板块盘初拉升，爱乐达涨超10%
同花顺,2025-08-04 01:29:37.000,国债期货集体高开
同花顺,2025-08-04 01:27:26.000,中药板块高开，奇正藏药4连板
同花顺,2025-08-04 01:27:19.000,昨日两市ETF份额净增加150.31亿份，股票型ETF份额增加63.57亿份
同花顺,2025-08-04 01:26:47.000,ETF开盘：中证2000ETF基金领涨8.81%，创业板人工智能ETF南方领跌2.85%
同花顺,2025-08-04 01:25:21.000,A股开盘：三大指数集体低开
财联社,2025-08-04 01:22:39.000,深圳深汕特别合作区暴雨红色预警信号扩展至全区
同花顺,2025-08-04 01:22:02.000,昨日ETF两市资金净流入241.26亿元
同花顺,2025-08-04 01:21:52.000,央行开展5448亿元逆回购操作
同花顺,2025-08-04 01:20:50.000,港股开盘：恒生指数低开0.31%，恒生科技指数低开0.66%
同花顺,2025-08-04 01:20:22.000,昨日ETF两市融资融券余额1001.71亿元
同花顺,2025-08-04 01:17:37.000,韩国军方今起拆除边境地区对朝扩音广播设施
同花顺,2025-08-04 01:15:35.000,人民币兑美元中间价较上日调升101点至7.1395
同花顺,2025-08-04 01:13:57.000,现代Rotem株式会社与波兰国防采购局敲定64.6亿美元新国防合同
财联社,2025-08-04 01:05:58.000,受持续暴雨影响 甘肃临夏州多条高速公路临时交通管制
同花顺,2025-08-04 01:04:30.000,国家广播电视总局部署开展广播电视虚假宣传医药广告集中整治
同花顺,2025-08-04 01:00:59.000,富时A50期指开盘跌0.2%
同花顺,2025-08-04 01:00:24.000,期市早盘开盘：国内期货主力合约跌多涨少
财联社,2025-08-04 00:58:27.000,以军袭击加沙地带已致90余人死亡
同花顺,2025-08-04 00:16:25.000,中信建投：短期债市有一定走强倾向，关注后续增量消息带来的新方向
财新网,2025-08-04 00:14:29.263,本周将有诸多数据发布
财新网,2025-08-04 00:14:10.974,周末美国贸易代表格里尔表示
财新网,2025-08-04 00:13:44.269,2025年8月4日
同花顺,2025-08-04 00:13:10.000,科宇航力擎二号110吨级液氧煤油发动机半系统试车成功，本月底将开展整机试车
财联社,2025-08-04 00:08:40.000,希腊雅典市长与以色列驻希大使爆发“口水战”
同花顺,2025-08-04 00:08:25.000,美国总统特朗普：将在未来几天宣布一位候选人来填补空缺的美联储理事职位
同花顺,2025-08-04 00:07:41.000,微信员工回应“改手机日期可恢复过期文件”：假得离谱
同花顺,2025-08-04 00:07:12.000,摩根大通：解雇劳工统计局局长或破坏经济数据公信力
同花顺,2025-08-04 00:06:47.000,日经225指数向下触及40000点，日内跌2.17%
同花顺,2025-08-04 00:02:52.000,日韩指数集体低开
同花顺,2025-08-03 23:59:37.000,美关税政策引发全球贸易紧张
财联社,2025-08-03 23:56:04.000,超2.2万辆人道物资卡车在加沙地带过境点滞留
同花顺,2025-08-03 23:53:36.000,中央气象台继续发布暴雨橙色预警
同花顺,2025-08-03 23:50:25.000,中金：看好强内功综合性龙头和高成长性细分龙头的增长机遇
同花顺,2025-08-03 23:47:58.000,经济日报：莫让虚假弹幕“绑架”直播电商
同花顺,2025-08-03 23:46:31.000,“两新”政策成效明显 上半年全国企业销售收入平稳增长
财联社,2025-08-03 23:43:22.000,以军称击落一架也门方向发射的无人机
同花顺,2025-08-03 23:42:50.000,上半年规上互联网企业收入近万亿元 京津冀地区保持较快增势
财联社,2025-08-03 23:41:18.000,韩国已有19人因高温相关疾病死亡
同花顺,2025-08-03 23:35:22.000,弘则固收叶青：中间地带的策略挖掘
同花顺,2025-08-03 23:34:21.000,驴迹科技：洽谈二氧化碳捕获技术用于捕蚊设备
同花顺,2025-08-03 23:31:35.000,中信建投：2025Q2北美CSP资本开支增长64%，持续推荐液冷板块
同花顺,2025-08-03 23:30:53.000,中信建投：AI将强势带动电力需求增长，电力设备配套出口将持续高景气
财联社,2025-08-03 23:17:50.000,也门海域非洲移民船倾覆已造成54人死亡
财联社,2025-08-03 22:56:11.000,甘肃省临夏州发布暴雨红色预警
财联社,2025-08-03 22:52:55.000,苏丹武装部队指责外国雇佣兵袭击苏丹西部城市
财联社,2025-08-03 22:45:34.000,中国汽研就理想i8碰撞测试发布声明：非标准车对车碰撞试验 不涉及其他品牌车辆的安全性能评价
财联社,2025-08-03 22:33:44.000,中国驻伊朗大使馆：将于8月5日起恢复受理所有领事证件业务
财联社,2025-08-03 22:19:07.000,理想汽车回应理想i8与乘龙卡车安全性碰撞测试
财联社,2025-08-03 22:14:52.000,国泰海通：展望后市股指还有新高
财联社,2025-08-03 22:09:09.000,下周资本市场大事提醒：中国7月CPI、PPI数据将公布
财联社,2025-08-03 22:07:32.000,【金牌纪要库】算力芯片重要性凸显！单次训练消耗价值780万美元的算力资源，OpenAI或因算力缺口推迟GPT-5商用，另外2025年AI服务器液冷渗透率相比2023年提升一倍有余
财联社,2025-08-03 21:54:00.000,美国贸易代表称关税政策将基本维持现状
财联社,2025-08-03 21:44:30.000,【公告全知道】创新药+合成生物+宠物经济！公司产品有望成为新一代抗肿瘤候选药物
财联社,2025-08-03 21:37:55.000,【风口研报·洞察】GPT-5预计将于2025年8月上旬发布，AI编程相关功能或将成为判断GPT-5潜力的重要指标，且未来有望继续成为大模型发展的核心领域；历史上五年规划行情复盘
财联社,2025-08-03 21:29:56.000,暑期档电影票房突破70亿
财联社,2025-08-03 21:10:39.000,百亿级股票私募单周加仓逾5个百分点
财联社,2025-08-03 21:08:57.000,21家A股上市公司本周披露并购重组最新公告 中国神华筹划发行股份及支付现金购买资产并募集配套资金
财联社,2025-08-03 21:05:44.000,【电报解读】八部门印发《机械工业数字化转型实施方案》，机构预计国内AI+工业软件市场年复合增速超40%，这家公司深度参与了华为软件开发生产线和工业数字模型驱动引擎等新一代工业软件产品线
财联社,2025-08-03 20:59:17.000,B站上线“AI原声翻译功能” 将加入日语等语言
财联社,2025-08-03 20:55:28.000,TCL华星CEO赵军：未来几年中尺寸OLED将有重大产业级机会
财联社,2025-08-03 20:33:20.000,武契奇与马克龙通话 讨论双边关系及地区局势
财联社,2025-08-03 20:17:57.000,8月3日周日《新闻联播》要闻18条
财联社,2025-08-03 20:17:49.000,韩国农产品价格持续上涨 大白菜一颗近32元
财联社,2025-08-03 20:10:46.000,【风口研报·公司】公司二季度业绩同环比双增，且线缆业务推动结构转型，均能应用于水电领域，并亲承已成立相关“工程项目组”；策略：增量流动性边际放缓，8月市场回归震荡市
财联社,2025-08-03 19:50:19.000,南京照相馆10天票房15亿
财联社,2025-08-03 19:49:25.000,藏格矿业：二期项目投产后巨龙铜业矿产铜年产量约30万-35万吨 预计将为公司业绩贡献显著增量
财联社,2025-08-03 19:21:32.000,OPEC+同意在9月将原油日产量提高54.8万桶
财联社,2025-08-03 19:15:59.000,局地降雨量可达250毫米 河北启动防汛Ⅳ级应急响应
财联社,2025-08-03 18:58:23.000,【电报解读】上半年海洋经济总量突破5万亿元，机构称深海科技将成为培育新质生产力的重要引擎，这家公司为中海油海上采油平台提供压缩机等产品
财联社,2025-08-03 18:58:17.000,乌克兰总统：与俄方就交换1200名战俘达成协议 正拟定名单
财联社,2025-08-03 18:48:32.000,我国最大沙漠油田累计产量突破5000万吨
财联社,2025-08-03 18:33:49.000,招商策略：8月中下旬市场可能继续创新高
财联社,2025-08-03 18:19:22.000,长安汽车：7月新能源汽车销量8万辆 同比增长74.05%
财联社,2025-08-03 18:16:19.000,*ST惠程：公司被债权人申请预重整
财联社,2025-08-03 18:06:58.000,光大证券：中国资产仍然具有较高吸引力 8月市场风格或偏向顺周期
财联社,2025-08-03 17:54:46.000,过去七天 广东新增2892例基孔肯雅热本地病例
财联社,2025-08-03 17:41:46.000,铭普光磁：拟约1.18亿元购买深圳ABB电动交通科技有限公司60%股权
财联社,2025-08-03 17:36:23.000,银河证券：8月预计市场维持在震荡偏高中枢运行 关注结构性配置机会
财联社,2025-08-03 17:16:38.000,三一重工：截至7月底已累计回购股份7267.92万股 支付总金额13.55亿元
财联社,2025-08-03 17:15:43.000,芯导科技：拟4.03亿元购买吉瞬科技100%股权、瞬雷科技17.15%的股权 预计构成重大资产重组
财联社,2025-08-03 17:13:56.000,【风口研报·公司】美国对“铜加工品”加征50%关税，这家公司在美国具有稀缺产能且年底规模或扩张至9万吨，分析师测算今明两年利润有望增长350%；二季度利润超预期，分析师强call公司动保板块逐步放量
财联社,2025-08-03 17:05:42.000,【财联社早知道】工信部等八部门印发机械工业数字化转型实施方案，机构称AI推动工业企业智能化转型提速，这家公司已深度融合AI智能中台，可以为企业提供全方位、全周期的数字化转型支撑
财联社,2025-08-03 16:59:14.000,金开新能：金开伊吾与无问芯穹年初签订合同 近期完成一期算力集群整体交付工作
财联社,2025-08-03 16:50:46.000,北京市延庆区升级发布城市积水内涝红色风险预警
财联社,2025-08-03 16:46:40.000,领益智造：深交所定于8月8日审核公司重组事项
财联社,2025-08-03 16:45:21.000,锦浪科技：向不特定对象发行可转换公司债券申请获得深交所审核通过
财联社,2025-08-03 16:44:34.000,康缘药业：获得参蒲颗粒药品注册证书
财联社,2025-08-03 16:43:33.000,广安爱众：执行居民低谷时段电价政策 预计减少公司2025年归母净利润3938万元
财联社,2025-08-03 16:41:43.000,广东佛山新增报告基孔肯雅热确诊病例258例
财联社,2025-08-03 16:32:30.000,昂利康：公司目前在研的创新药项目仅有一个
财联社,2025-08-03 16:30:30.000,齐翔腾达：30万吨/年环氧丙烷装置已陆续恢复正常生产
财联社,2025-08-03 16:27:51.000,长青科技：股东拟合计减持不超5.98%公司股份
财联社,2025-08-03 16:23:46.000,一艘搭载非洲移民的船只在也门海域倾覆致20人死亡
财联社,2025-08-03 16:22:32.000,得利斯：签署《战略合作协议》 在特色产品及冻干宠物食品研发等领域开展深入合作
财联社,2025-08-03 16:20:21.000,沃森生物：呼吸道合胞病毒mRNA疫苗临床研究申请获得受理 目前国内尚无该疫苗批准上市
财联社,2025-08-03 16:18:24.000,北汽蓝谷：子公司7月销量同比下降6.38%
财联社,2025-08-03 16:11:51.000,中信证券：目前重点关注的依然聚焦在AI、创新药、资源、恒科以及科创板
财联社,2025-08-03 16:10:37.000,中旗新材：股东海南羽明华及其一致行动人熊宏文计划减持不超过3%的公司股份
财联社,2025-08-03 16:05:43.000,被特朗普称为“死亡经济体” 莫迪“间接回应”：印度将成为世界第三大经济体
财联社,2025-08-03 15:56:47.000,乐山电力：顺价调整居民用气销售价格
财联社,2025-08-03 15:53:47.000,勘察加半岛附近海域发生6.8级地震
财联社,2025-08-03 15:53:30.000,联影医疗：员工持股平台拟减持不超过1.6231%公司股份
财联社,2025-08-03 15:47:32.000,【风口研报·公司】切入硫化物固态电池+干法电极设备赛道，这个新玩家签订200MWh生产线项目实现商业化落地，核心主业间接服务应用材料、泛林等半导体龙头；另一公司受益锂电设备新一轮资本开支周期
财联社,2025-08-03 15:46:52.000,理工导航：股东及其一致行动人拟减持不超过3%公司股份
财联社,2025-08-03 15:42:18.000,丹化科技：自8月7日起 A股简称变更为“金煤科技”
财联社,2025-08-03 15:41:00.000,上汽集团：7月份销售整车33.8万辆 同比增长34.2%
财联社,2025-08-03 15:40:11.000,方大特钢：股东徐惠工拟减持不超1%公司股份
财联社,2025-08-03 15:39:12.000,日本高温破历史纪录 日本高温面临新米危机
财联社,2025-08-03 15:38:52.000,金时科技：拟公开挂牌转让全资子公司湖南金时100%股权
财联社,2025-08-03 15:34:41.000,佳创视讯：控股股东筹划公司控制权变更事项 股票停牌
财联社,2025-08-03 15:33:00.000,ST帕瓦：公司共同实际控制人之一、董事张宝涉嫌职务侵占被立案侦查
财联社,2025-08-03 15:26:25.000,山西上半年非常规天然气产量创新高
财联社,2025-08-03 15:21:03.000,陕川渝鄂等地高温将接近或突破历史极值 局地可能超过42℃
财联社,2025-08-03 15:08:50.000,山西：25条措施力促能源领域民营经济发展
财联社,2025-08-03 14:59:37.000,中证协发布19家券商财富管理数字化实践优秀案例
财联社,2025-08-03 14:58:32.000,东盟临时观察团启动对柬泰边境第二轮视察
财联社,2025-08-03 14:49:36.000,美关税政策致伯克希尔-哈撒韦利润下滑
同花顺,2025-08-03 14:49:27.000,中国地震台网：堪察加东岸远海发生5.6级地震
同花顺,2025-08-03 14:44:39.000,中国汽研就理想i8碰撞测试发布声明
同花顺,2025-08-03 14:37:18.000,美国贸易代表称：美国关税政策将基本维持现状
同花顺,2025-08-03 14:29:49.000,国泰海通：7月美国就业数据或尚不足以改变鲍威尔偏鹰立场
财联社,2025-08-03 14:17:21.000,广东发布《广东省中小企业数字化转型金融服务工作方案》
财联社,2025-08-03 14:12:19.000,美国亚利桑那州特大火灾级别山火肆虐 仅11%火势被控制
同花顺,2025-08-03 14:03:20.000,今年上半年全国企业销售收入平稳增长
同花顺,2025-08-03 14:02:59.000,波兰宣布延长与德国边境临时管控措施
财联社,2025-08-03 14:01:00.000,以色列反对党领袖：大多数以民众不再支持加沙战争 因此这场战争必须结束
财联社,2025-08-03 13:55:25.000,千岛群岛附近海域发生7.0级地震
财联社,2025-08-03 13:54:05.000,太平洋-南极海岭发生6.4级地震
同花顺,2025-08-03 13:42:56.000,阿纳托利·克里沃诺日科被任命为乌克兰空军司令
财联社,2025-08-03 13:34:00.000,多地持续严管医药代表 有医院用AI监测驱离药品销售
财联社,2025-08-03 13:26:57.000,【研选】全球AI设计领域SaaS龙头企业Figma上市，成为2025年美股迄今为止规模最大的IPO，彰显AI应用商业化广阔前景；分析师看好这家公司在电商SaaS服务和AI agent上的业务增长
同花顺,2025-08-03 13:22:34.000,宁夏启动气象灾害（暴雨）III级应急响应
同花顺,2025-08-03 13:13:41.000,东方雨虹：前期公司民建集团、工建集团已陆续发布调价函 相关调价举措对后续价格水平及毛利率的影响预计会逐步体现
财联社,2025-08-03 13:11:32.000,银河证券：医药板块公募基金重仓持仓水平仍低于历史均值
财联社,2025-08-03 13:03:32.000,银河证券：“反内卷”浪潮下涤纶长丝周期弹性值得关注
同花顺,2025-08-03 12:57:21.000,阿纳托利·克里沃诺日卡被任命为乌克兰空军司令
财联社,2025-08-03 12:49:47.000,吉林升级发布山洪灾害气象风险橙色预警
同花顺,2025-08-03 12:28:26.000,茅台生肖蛇酒批发价跌破2000元
财联社,2025-08-03 12:27:33.000,陈茂波预计香港第三季度经济保持增长
财联社,2025-08-03 12:26:16.000,巴红新月会说以军袭击其加沙总部致1死3伤
同花顺,2025-08-03 12:23:11.000,巴基斯坦和伊朗在能源、贸易等领域达成多项协议
同花顺,2025-08-03 12:22:15.000,中信建投：全球增长上行，把握权益投资机会
同花顺,2025-08-03 12:07:16.000,水利部将甘肃、青海洪水防御应急响应提升至Ⅲ级
财联社,2025-08-03 12:05:48.000,中俄“海上联合-2025”联合演习海上演练阶段全面展开
财联社,2025-08-03 12:03:27.000,暑运过半 全国铁路累计发送旅客超4.6亿人次
财联社,2025-08-03 11:54:50.000,暑期档单日票房再次破亿 总票房已超67亿
财联社,2025-08-03 11:39:45.000,特朗普威胁对药品征高额关税 行业人士：“美国制造”未必实惠
财联社,2025-08-03 11:33:24.000,发生中小河流洪水风险较大 广东省启动防汛四级应急响应
同花顺,2025-08-03 11:25:55.000,藏格矿业：下半年国内将进入秋冬用肥旺季 有望进一步刺激钾肥市场需求
财联社,2025-08-03 11:22:08.000,水利部针对甘肃青海宁夏3省区启动洪水防御Ⅳ级应急响应
财联社,2025-08-03 11:20:51.000,耶鲁大学最新研究：美进口商品关税税率90多年来最高 短期内美国鞋子服装或将大涨价
同花顺,2025-08-03 11:16:25.000,OPEC+同意9月增产54.8万桶/日
财联社,2025-08-03 11:12:04.000,美国对瑞士征收39%关税 在美瑞士手表价格或将飙升
同花顺,2025-08-03 11:08:45.000,比特币向上触及114000美元/枚
财联社,2025-08-03 10:58:24.000,国家疾控局局长赴佛山指导基孔肯雅热疫情防控工作
同花顺,2025-08-03 10:51:52.000,泽连斯基：与俄方就交换1200名战俘达成协议，正拟定名单
财联社,2025-08-03 10:51:49.000,德国一项新研究有助胰腺癌早期诊断
同花顺,2025-08-03 10:48:04.000,数据差特朗普炒掉统计局长
财联社,2025-08-03 10:47:57.000,北交所新股市场火爆行情延续 7只新股首日涨幅超150%
同花顺,2025-08-03 10:44:30.000,中信证券：AI应用、固态电池等方向确定性持续增强
财联社,2025-08-03 10:44:07.000,应对太湖第1号洪水 水利部滚动研判加强防御
财联社,2025-08-03 10:39:56.000,中欧班列中通道累计通行量突破20000列
同花顺,2025-08-03 10:28:48.000,航行警告，南海海域军事行动
财联社,2025-08-03 10:26:32.000,广东省农业农村厅原二级巡视员梁友强接受审查调查
同花顺,2025-08-03 10:24:21.000,自然资源部与中国气象局联合发布地质灾害红色预警
财联社,2025-08-03 10:08:05.000,云南省煤炭产业集团有限公司原党委书记、董事长宁德刚接受纪律审查和监察调查
同花顺,2025-08-03 10:06:02.000,长安汽车：7月销量同比增23.43%
同花顺,2025-08-03 10:02:36.000,康宁杰瑞制药：JSKN022 IND申请获CDE正式受理
财联社,2025-08-03 09:55:34.000,做债热情飙升 城农商行现券交易金额7月创新高
同花顺,2025-08-03 09:50:38.000,铭普光磁：拟1.18亿元购买深圳ABB电动交通科技有限公司60%股权
同花顺,2025-08-03 09:45:07.000,东吴证券：慢牛思维下，行情有望逐步过渡至空间交易阶段
同花顺,2025-08-03 09:33:45.000,银河证券：8月预计市场维持在震荡偏高中枢运行，关注结构性配置机会
同花顺,2025-08-03 09:32:17.000,法国夏季高温致溺亡人数大幅上升
财联社,2025-08-03 09:20:38.000,驻欧盟使团发言人就欧盟对外行动署发言人涉澳门声明答记者问
同花顺,2025-08-03 09:13:33.000,叙利亚库尔德武装称一领导人住所遭袭
同花顺,2025-08-03 09:09:53.000,芯导科技：拟购买吉瞬科技100%股权、瞬雷科技17.15%股权，实现对瞬雷科技100%控制
同花顺,2025-08-03 09:04:50.000,华仁药业：红塔创新计划减持不超过1%公司股份
财联社,2025-08-03 09:03:12.000,澳大利亚新南威尔士州恶劣天气持续 数千户断电
同花顺,2025-08-03 08:53:09.000,金开新能：近期完成一期算力集群的整体交付工作，进入既定运行服务阶段
财联社,2025-08-03 08:49:44.000,工商银行：正推进个人消费贷款与服务业经营主体贷款贴息政策的组织实施工作
财联社,2025-08-03 08:46:38.000,上半年四川公共资源交易项目总数超2万个
同花顺,2025-08-03 08:31:16.000,湖北11市高温橙色预警 局地最高温可达39℃以上
财联社,2025-08-03 08:30:15.000,扬杰科技：公司新发布的产品可应用于AR眼镜等相关产品领域
同花顺,2025-08-03 08:27:13.000,齐翔腾达：30万吨/年环氧丙烷装置恢复生产
同花顺,2025-08-03 08:26:50.000,高凌信息：股东拟合计减持不超过2.42%公司股份
同花顺,2025-08-03 08:26:28.000,沃森生物：呼吸道合胞病毒mRNA疫苗临床研究申请获受理
同花顺,2025-08-03 08:25:03.000,一艘移民船在也门海域倾覆 已致20人死亡
同花顺,2025-08-03 08:23:31.000,得利斯：与海福盛、新三和签署战略合作协议
同花顺,2025-08-03 08:23:13.000,中俄“海上联合-2025”联合演习进入海上演练阶段
财联社,2025-08-03 08:13:23.000,暴雨蓝色预警：福建广西广东沿海等地部分地区有大暴雨
财联社,2025-08-03 08:05:10.000,官方通报女司机亮证逼迫让路事件：亮证女司机非公职人员
财联社,2025-08-03 07:44:10.000,广州无人驾驶装备工作指引正在编制
同花顺,2025-08-03 07:37:57.000,丹化科技：证券简称变更为金煤科技
同花顺,2025-08-03 07:37:01.000,乐山电力：顺价调整居民用气销售价格，预计将增加公司2025年度燃气销售毛利约270万元
同花顺,2025-08-03 07:35:43.000,金时科技：拟公开挂牌转让全资子公司湖南金时科技有限公司100%股权
同花顺,2025-08-03 07:35:02.000,俄联邦委员会成员：俄石油供应无法替代
同花顺,2025-08-03 07:34:52.000,晨丰科技：杭州宏沃拟减持不超1%股份
同花顺,2025-08-03 07:34:29.000,ST帕瓦：董事张宝涉嫌职务侵占被立案侦查
同花顺,2025-08-03 07:34:18.000,上汽集团：7月整车销量同比增34.22%
同花顺,2025-08-03 07:34:12.000,三安光电：拟联合境外投资人以2.39亿美元收购Lumileds Holding B. V. 100%股权
财联社,2025-08-03 07:34:10.000,吨级无人飞行器首次完成海上平台物资运输
同花顺,2025-08-03 07:33:53.000,理工导航：资产经营公司拟3个月减持3%
同花顺,2025-08-03 07:33:45.000,方大特钢：徐惠工拟减持1%
同花顺,2025-08-03 07:33:39.000,联影医疗：股东拟减持1.6231%
同花顺,2025-08-03 07:33:27.000,福田汽车：今年新能源汽车增142.88%
同花顺,2025-08-03 07:33:01.000,北汽蓝谷：7月销量同比下降6.38%
同花顺,2025-08-03 07:32:51.000,佳创视讯：控股股东筹划控制权变更事项，股票停牌
同花顺,2025-08-03 07:32:15.000,道明光学：胡慧玲拟减持0.48%股份
同花顺,2025-08-03 07:32:10.000,中旗新材：海南羽明华三个月拟减持3%
同花顺,2025-08-03 07:31:21.000,棒杰股份：浙江点创拟大宗减持1.96%
同花顺,2025-08-03 07:28:51.000,第10号台风“白鹿”生成 对我国海域无影响
财联社,2025-08-03 07:27:58.000,经济日报金观平：以新质生产力塑造竞争新优势
同花顺,2025-08-03 07:03:12.000,老百姓买国债的利息免税标准：每月不超过10万
财联社,2025-08-03 07:02:24.000,负责特朗普案的前检察官遭调查
财联社,2025-08-03 06:37:23.000,扎波罗热核电站附近遭袭 1人死亡
同花顺,2025-08-03 06:35:44.000,极端天气正推高全球基本食品价格
财联社,2025-08-03 05:33:17.000,西班牙一小型飞机坠海 机上人数暂未确定
财联社,2025-08-03 04:40:49.000,墨西哥发生5.8级地震 震源深度70公里
同花顺,2025-08-03 03:43:43.000,奥赛文创销售额破1000万元
财联社,2025-08-03 03:42:14.000,乌克兰披露一贪腐案件 涉及多名乌政府官员
同花顺,2025-08-03 03:27:29.000,电脑、服装等商品将因关税涨价 美媒：美消费者买单
同花顺,2025-08-03 02:59:05.000,做债热情飙升，城农商行现券交易金额7月创新高
财联社,2025-08-03 02:34:37.000,伊朗民航组织宣布解除该国领空航班运营时间限制
同花顺,2025-08-03 02:25:39.000,我国完成全球首次海上石油平台物资运输飞行
财联社,2025-08-03 01:49:33.000,以军称打死哈马斯谢赫拉德万营副指挥官
同花顺,2025-08-03 01:48:48.000,约4万人受影响 美关税政策严重冲击莱索托支柱产业
财联社,2025-08-03 00:42:57.000,北京市平谷区升级发布暴雨黄色预警信号
财联社,2025-08-02 23:52:51.000,乌克兰全境拉响防空警报
同花顺,2025-08-02 23:29:10.000,百亿私募加仓 多数大型私募对股市中长期走势保持乐观
同花顺,2025-08-02 23:28:45.000,经济日报：即时零售带来购物新体验
财联社,2025-08-02 22:24:39.000,北京顺义、延庆发布暴雨黄色预警 注意防范次生灾害
财联社,2025-08-02 22:22:12.000,百余款首发新品将亮相2025世界机器人大会
财联社,2025-08-02 22:11:43.000,哈马斯：美特使访问加沙物资分发点是一场“事先安排好的闹剧”
财联社,2025-08-02 22:08:37.000,深圳发布暴雨橙色预警 全市进入暴雨防御状态
财联社,2025-08-02 21:58:35.000,中国电子学会：中国人形机器人整体水平处全球第一方阵
财联社,2025-08-02 21:45:00.000,哈马斯称除非巴建国否则不放下武器
财联社,2025-08-02 21:29:58.000,天津发布地质灾害黄色预警
财联社,2025-08-02 21:29:00.000,暴雨戒备状态 深圳发布暴雨黄色预警信号
财联社,2025-08-02 21:08:52.000,美国西部山火持续肆虐 犹他州进入紧急状态
财联社,2025-08-02 20:45:42.000,电影《长安的荔枝》票房破6亿
财联社,2025-08-02 20:31:13.000,伯克希尔哈撒韦A：截至二季度末 公司前五大持仓的公允价值合计占比达67%
财联社,2025-08-02 20:25:09.000,首关规模1.8亿元 上海临床转化种子投资基金成立
财联社,2025-08-02 20:06:02.000,伯克希尔哈撒韦A：2025年Q2营收925.15亿美元 高于预期
财联社,2025-08-02 20:06:02.000,伯克希尔哈撒韦A 2025年Q2营收925.15亿美元 高于预期
财联社,2025-08-02 20:03:19.000,俄罗斯一天然气管道因爆炸停止运行
财联社,2025-08-02 20:02:13.000,我国神经拟态类脑计算突破性进展
财联社,2025-08-02 19:54:45.000,8月2日周六《新闻联播》要闻21条
财联社,2025-08-02 19:50:55.000,本轮巴以冲突已致加沙地带60430人死亡
财联社,2025-08-02 19:35:33.000,俄称一昼夜击落338架乌无人机
财联社,2025-08-02 19:34:33.000,以军称哈马斯下属的拜特哈嫩营被消灭
财联社,2025-08-02 19:31:59.000,电影《戏台》票房破3亿
财联社,2025-08-02 19:17:18.000,2025年底北斗产业规模将超6000亿元
财联社,2025-08-02 19:08:21.000,受暴雨影响 国铁广州局部分列车停运
财联社,2025-08-02 19:01:14.000,杭州7月降水量创下有连续观测记录以来新高
财联社,2025-08-02 18:54:27.000,港股上市公司7月回购超100亿港元
财联社,2025-08-02 18:27:15.000,吉林省发布地质灾害气象风险黄色预警
财联社,2025-08-02 18:16:44.000,印媒澄清特朗普印度石油言论
财联社,2025-08-02 18:09:37.000,暴雨蓝色预警：河北北部、北京东北部、天津北部等地局部地区将有大暴雨
财联社,2025-08-02 18:01:48.000,自然资源部与中国气象局联合发布地质灾害橙色预警
财联社,2025-08-02 17:55:20.000,受关税影响 日本富士胶片公司上调部分产品在美售价
财联社,2025-08-02 17:50:38.000,《南京照相馆》暑期档票房29省登顶
财联社,2025-08-02 17:41:20.000,北京市怀柔区发布暴雨橙色预警
财联社,2025-08-02 17:40:14.000,甘肃省发布地质灾害气象风险橙色预警
财联社,2025-08-02 17:35:53.000,日本战败80年 石破茂考虑取消重要惯例
财联社,2025-08-02 17:10:51.000,中国电子学会：中国连续12年成为全球最大工业机器人市场
财联社,2025-08-02 17:05:58.000,土耳其启动对叙利亚天然气输送
财联社,2025-08-02 17:02:52.000,2025世界机器人博览会：人形机器人整机企业数量创同类展会之最
财联社,2025-08-02 16:58:25.000,罗马尼亚一军工厂起火并爆炸 暂无人员伤亡报告
财联社,2025-08-02 16:51:54.000,北约酝酿对乌军援新机制 普京说俄期待与乌对话
财联社,2025-08-02 16:44:45.000,广东佛山新增报告基孔肯雅热确诊病例333例
财联社,2025-08-02 16:37:45.000,香港发现首例基孔肯雅热输入病例
财联社,2025-08-02 16:36:59.000,郑清来当选韩国执政党党首
财联社,2025-08-02 16:36:17.000,柬泰边境联合委员会将在马来西亚开会
财联社,2025-08-02 16:12:12.000,暑期档电影票房突破65亿
财联社,2025-08-02 16:07:12.000,俄堪察加5座火山活跃
财联社,2025-08-02 16:04:10.000,黑龙江发布暴雨红色预警
财联社,2025-08-02 16:03:21.000,俄罗斯萨马拉机场暂停起降航班
财联社,2025-08-02 16:02:27.000,超越乔布斯 库克成为苹果公司史上任期最长CEO
财联社,2025-08-02 15:42:27.000,上海发布大风蓝色预警 目前“两蓝一黄”三预警高挂
财联社,2025-08-02 15:41:49.000,本周猪价跌破14元/公斤后反弹 周均价环比跌1.7%
财联社,2025-08-02 15:33:46.000,韩国计划取消外国游客医美退税政策
财联社,2025-08-02 15:32:10.000,乌称袭击俄关键军工企业
财联社,2025-08-02 15:25:57.000,耶鲁大学最新研究：美消费者面临1934年以来最高关税税率
财联社,2025-08-02 15:15:45.000,上海启动全市防汛防台四级响应行动
财联社,2025-08-02 15:12:05.000,重庆发布高温中暑二级预警 日最高气温超40℃
财联社,2025-08-02 15:00:37.000,市场监管总局发布《网络交易平台收费行为合规指南》
财联社,2025-08-02 14:59:07.000,杭州：提高债券资金使用效率 积极扩大民间投资、产业投资
同花顺,2025-08-02 14:53:30.000,美媒：中国赢过美国的方案，在上海展示出来了
同花顺,2025-08-02 14:45:01.000,海康威视披露海康机器人IPO进程：目前还在深交所创业板排队
财联社,2025-08-02 14:44:53.000,加沙地带卫生部门：多辆卡车将运送医药物资至加沙医院
财联社,2025-08-02 14:40:17.000,中国气象局调整发布暴雨Ⅲ级应急响应
财联社,2025-08-02 14:37:27.000,印尼一火山猛烈喷发 我总领馆发布安全提醒
财联社,2025-08-02 14:24:01.000,强降雨导致河北兴隆“北京山谷”项目3人遇难4人失联
同花顺,2025-08-02 14:21:26.000,360宣布纳米AI升级为“多智能体蜂群”，可一句话生成大片
同花顺,2025-08-02 14:12:26.000,广绵扩容项目黑龙滩特大桥顺利实现双幅合龙
财联社,2025-08-02 14:04:15.000,深铁前海时代尊府新推171套房源 开盘2小时去化率达81% 彰显市场信心
同花顺,2025-08-02 14:00:20.000,比亚迪王朝7月销售133783辆
财联社,2025-08-02 13:59:12.000,上海发布雷电黄色预警
财联社,2025-08-02 13:57:37.000,破纪录高温+历史性少雨 日本多地水库蓄水量告急
财联社,2025-08-02 13:48:41.000,韩国青瓦台关闭 整修后将再次用作总统府
同花顺,2025-08-02 13:45:07.000,哈马斯称除非巴勒斯坦建国否则不放下武器
财联社,2025-08-02 13:34:16.000,东莞基孔肯雅热疫情防控工作会议召开
财联社,2025-08-02 13:29:10.000,日本上半年电诈金额及案件数量创新高
同花顺,2025-08-02 13:07:15.000,伯克希尔哈撒韦因卡夫亨氏股票损失38亿美元
财联社,2025-08-02 12:56:22.000,广东未来三天强降雨频繁并伴强对流 粤东等地局部或现特大暴雨
财联社,2025-08-02 12:49:06.000,香港天文台连发暴雨预警 学校停课 部分门诊暂停服务
同花顺,2025-08-02 12:40:05.000,继歼-10CE后，中国直-10ME列装巴基斯坦军队
同花顺,2025-08-02 12:26:24.000,坦桑尼亚总统：坦中物流合作项目意义重大
财联社,2025-08-02 12:21:59.000,广东印发制造业和高新技术企业贷款贴息实施细则 单个企业年度贴息金额最高2000万元
财联社,2025-08-02 12:18:41.000,独家｜全球首个RWA注册登记平台将于8月7日上线
同花顺,2025-08-02 12:14:49.000,伯克希尔哈撒韦A 2025年Q2营收925.15亿美元
财联社,2025-08-02 12:08:44.000,福马“小三通”航线暑运客流持续高位运行
同花顺,2025-08-02 11:44:26.000,太湖水位已涨至3.86米 超警戒水位0.06米
财联社,2025-08-02 11:36:35.000,马来西亚证实柬泰边境联合委员会会议将在吉隆坡举行
财联社,2025-08-02 11:27:53.000,水利部：全国7条河流发生超警以上洪水
财联社,2025-08-02 11:18:36.000,财联社创投通：一级市场本周73起融资环比减少7.59% 先进制造、医疗健康活跃度居前
财联社,2025-08-02 11:13:47.000,上海航交所：本周出口集装箱运输市场基本平稳
财联社,2025-08-02 11:07:04.000,东盟临时观察组视察柬泰边境冲突地区
财联社,2025-08-02 11:00:48.000,自然资源部对广东等五省区启动地质灾害防御Ⅳ级响应
同花顺,2025-08-02 10:50:52.000,官方称亮证女司机身份已查清，结果将统一对外发布
财联社,2025-08-02 10:41:24.000,山东济南具身智能港揭牌
财联社,2025-08-02 10:41:24.000,山东：济南具身智能港揭牌 打造覆盖机器人企业成长“全生命周期”产业集聚区
财联社,2025-08-02 10:30:00.000,2025年暑期档电影票房刷新单日破亿最快纪录
同花顺,2025-08-02 10:17:06.000,特朗普称印度将不再购买俄石油，印方表示“还在买”
财联社,2025-08-02 10:14:19.000,多奈单抗三年数据出炉 阿尔茨海默病需早期干预
同花顺,2025-08-02 10:12:22.000,新疆开行首趟棉花班列
财联社,2025-08-02 10:11:02.000,深圳发布雷雨大风和暴雨黄色预警
财联社,2025-08-02 09:57:14.000,又改口了？特朗普称希望公布所有爱泼斯坦案相关文件
同花顺,2025-08-02 09:56:34.000,电气风电与浙江海风深化深远海风电合作
财联社,2025-08-02 09:55:03.000,最高温将超37℃ 山西连续五天发布高温橙色预警
同花顺,2025-08-02 09:39:01.000,美载人“龙”飞船与国际空间站对接
同花顺,2025-08-02 09:36:32.000,香港举办十五运会百日倒计时庆祝活动
财联社,2025-08-02 09:33:25.000,安理会7天3议乌克兰问题 中方呼吁为政治解决危机凝聚共识
财联社,2025-08-02 09:01:35.000,北京受灾行政村供电通信全部恢复
财联社,2025-08-02 08:59:01.000,以方消息人士：加沙停火谈判眼下难重启
财联社,2025-08-02 08:44:27.000,中央气象台继续发布高温黄色预警
同花顺,2025-08-02 08:39:31.000,7月青海省民航运力增幅位居全国首位
同花顺,2025-08-02 08:32:29.000,东风汽车：1—7月岚图汽车累计销量达68263辆 同比增长88%
财联社,2025-08-02 08:27:41.000,美国证券交易委员会成立AI特别工作组
财联社,2025-08-02 08:17:57.000,以军袭击加沙地带多地 至少22人死亡
财联社,2025-08-02 08:13:48.000,智利一铜矿坍塌致1人死亡5人失踪
同花顺,2025-08-02 08:11:35.000,哪吒2全网上线1小时破400万次 线上新增未公开片段
财联社,2025-08-02 08:02:24.000,富士相机和镜头在美国全面涨价 部分产品涨幅达数百美元
财联社,2025-08-02 08:00:01.000,古特雷斯就联合国授权改革提出系列建议
同花顺,2025-08-02 07:55:27.000,中乌航司签署谅解合作备忘录 共绘“空中丝路”新蓝图
财联社,2025-08-02 07:45:34.000,太湖发生2025年第1号洪水
财联社,2025-08-02 07:43:54.000,哥伦比亚前总统乌里韦被一审判处12年居家监禁
财联社,2025-08-02 07:28:33.000,哥大与美政府超2亿美元和解协议
同花顺,2025-08-02 07:23:56.000,印尼一火山连续两次大规模喷发 我总领馆发布安全提醒
同花顺,2025-08-02 07:19:38.000,包银高铁包惠段开始联调联试 计划年内开通运营
财联社,2025-08-02 07:10:04.000,上海将用三年修复57.18公里岸线
财联社,2025-08-02 07:02:36.000,香港高等法院判定宗馥莉不得提取、抵押“信托案”涉及资金 以保证后续诉讼顺利进行
同花顺,2025-08-02 06:55:36.000,西渝高铁重大突破 缪家梁隧道今日贯通
财联社,2025-08-02 06:41:22.000,联邦资助彻底终止 美联邦公共广播公司宣布将关闭
财联社,2025-08-02 06:36:38.000,周六你需要知道的隔夜全球要闻
财联社,2025-08-02 06:29:38.000,土耳其外长会见哈马斯代表团 讨论地区局势及加沙停火
财联社,2025-08-02 06:27:56.000,特朗普再次呼吁：鲍威尔应引咎辞职
同花顺,2025-08-02 06:24:57.000,泰官员：中资企业的本地化推动泰国工业化进程
财联社,2025-08-02 06:11:20.000,中央气象台8月2日06时继续发布高温黄色预警
财联社,2025-08-02 06:08:49.000,中央气象台8月2日06时发布强对流天气蓝色预警
同花顺,2025-08-02 05:40:08.000,义乌冰箱贴成顶流文创 工厂忙到停不下来
同花顺,2025-08-02 05:36:26.000,山东威海一艘海上休闲船舶起火 1人溺亡4人送医救治
同花顺,2025-08-02 05:22:53.000,埃及今年上半年吸引外国直接投资90亿美元
财联社,2025-08-02 05:03:18.000,特朗普政府冻结美国疾控中心多个公共健康项目资金
同花顺,2025-08-02 04:59:20.000,中国公民接连在日遇袭 我使馆严正交涉要求日方切实保护
财联社,2025-08-02 04:06:48.000,美国蒙大拿州一商业场所发生多人中枪事件
财联社,2025-08-02 04:00:43.000,美股三大指数集体收跌 热门科技股普跌
同花顺,2025-08-02 03:45:07.000,普京：俄军全面推进，已完全控制这一重镇，首批量产型“榛树”导弹已交付部队！安理会7天3议乌克兰问题
财联社,2025-08-02 03:31:49.000,美联储理事库格勒将于8日辞职 特朗普可提前进行人事任命
同花顺,2025-08-02 03:17:56.000,巴西总统卢拉：正在努力保护巴西经济
财联社,2025-08-02 03:17:41.000,高盛在铜价暴跌前一天建议客户做多铜
同花顺,2025-08-02 03:00:06.000,玉渊谭天：美国关税回旋镖效应初现
同花顺,2025-08-02 02:52:12.000,360集团纳米AI多智能体蜂群上线
财联社,2025-08-02 02:48:47.000,胡塞武装称使用导弹袭击以色列本-古里安机场
同花顺,2025-08-02 02:37:22.000,济南：机器人产业应用场景清单发布，首批87个需求场景覆盖多个领域
同花顺,2025-08-02 02:31:01.000,匈牙利强烈反对欧美贸易协议 “这是欧盟受辱的一部分”
财联社,2025-08-02 02:29:56.000,泽连斯基：愿以最快速度推进实现和平 应举行领导人层级会晤
财联社,2025-08-02 02:15:54.000,特朗普要求解雇美劳工统计局局长
财联社,2025-08-02 02:11:15.000,联合国官员：巴勒斯坦权力机构是巴勒斯坦人民合法代表
同花顺,2025-08-02 02:10:17.000,上半年普惠型小微企业贷款余额同比增12.31%，高于各项贷款平均增速
财联社,2025-08-02 01:53:40.000,美国“龙”飞船执行新一期载人航天任务前往空间站 
财联社,2025-08-02 01:51:47.000,以军总参谋长：若被扣押人员无法释放 以军将继续在加沙战斗
同花顺,2025-08-02 01:46:57.000,北京市气象台发布暴雨蓝色预警信号
财联社,2025-08-02 01:42:12.000,特朗普：已下令将两艘美军核潜艇部署至相应区域
财联社,2025-08-02 01:16:01.000,中国神华回应大规模资产整合：化解同业竞争，筑牢能源安全，提升股东价值
同花顺,2025-08-02 01:15:28.000,上海市经信委相关负责人：未来将有序扩大自动驾驶的开放区域
财联社,2025-08-02 00:56:26.000,LME金属期货收盘普涨
财联社,2025-08-02 00:52:04.000,拉夫罗夫：俄方提议成立政治和军事问题工作组 正等乌方回应
财联社,2025-08-02 00:46:28.000,以军：6国向加沙地带空投126包援助物资
同花顺,2025-08-02 00:46:00.000,今年以来全国最高用电负荷已连续四次创历史新高
财联社,2025-08-02 00:37:11.000,以军称也门向以境内发射导弹
财联社,2025-08-02 00:18:37.000,巴基斯坦一火车脱轨 至少25人受伤
同花顺,2025-08-02 00:18:05.000,“两新”加码撬动下沉市场与银发经济 降息预期下红利资产与科技成长共舞
同花顺,2025-08-02 00:16:17.000,以媒：加沙停火谈判眼下难重启
同花顺,2025-08-02 00:15:03.000,上半年我国深海探测与资源开发能力增强
同花顺,2025-08-02 00:08:48.000,深入实施“人工智能+”行动 产业链上市企业迎发展机遇
同花顺,2025-08-02 00:02:42.000,惠民生、促消费 多地优化住房公积金政策
财联社,2025-08-01 23:57:39.000,上海立法保障粮食安全
同花顺,2025-08-01 23:55:28.000,普京：俄军正沿作战接触线全面推进
财联社,2025-08-01 23:54:23.000,外交部驻港公署发言人：国安执法符合国际通例 外部干预凸显虚伪双标
财联社,2025-08-01 23:53:48.000,三位外国量子模拟领域研究者获2025年度“墨子量子奖” 
同花顺,2025-08-01 23:47:26.000,生猪产业不卷规模卷成本，价格波动有望趋于平缓
财联社,2025-08-01 23:43:09.000,水利部部署开展取用水监测计量能力提升三年行动
同花顺,2025-08-01 23:40:10.000,任天堂：基于市场状况，Switch系列主机将在美国调价
财联社,2025-08-01 23:37:48.000,欧洲主要股指收盘集体大跌
财联社,2025-08-01 23:36:47.000,多家造纸企业宣布上调纸价 瓦楞纸上调幅度达30-50元/吨
同花顺,2025-08-01 23:35:49.000,美国取消对一项长期搁置高铁项目的2600万美元拨款
财联社,2025-08-01 23:24:03.000,泰方组织多国驻泰使节、武官等考察泰柬边境冲突后局势
财联社,2025-08-01 23:13:29.000,乌克兰总统与英国首相通电话 讨论防御合作等议题
新浪财经,2025-08-01 23:04:00.000,正泰安能短期债170亿货币资金32亿 母公司高存低贷
新浪财经,2025-08-01 23:04:00.000,正泰安能IPO：短债170亿货币资金32亿 母公司高存低贷
财联社,2025-08-01 23:01:56.000,国内期货主力合约跌多涨少 焦炭跌近3%
财联社,2025-08-01 22:57:01.000,印尼东努沙登加拉省一火山喷发 火山灰柱达10000米
同花顺,2025-08-01 22:49:13.000,美陪审团裁定特斯拉支付超2亿美元赔偿金 马斯克：将上诉
财联社,2025-08-01 22:34:43.000,缅甸新联邦政府召开首次会议 聚焦主权稳定
财联社,2025-08-01 22:27:14.000,美国6月建筑支出下降0.4% 低于预期
财联社,2025-08-01 22:25:40.000,马斯克旗下脑机公司将在英国启动脑芯片临床实验 帮瘫痪患者用意念控制设备
财联社,2025-08-01 22:22:19.000,中际旭创：董事、常务副总裁王晓东计划减持不超过0.06%公司股份
财联社,2025-08-01 22:13:19.000,通用电梯：实控人牟玉芳计划减持不超过3%公司股份
财联社,2025-08-01 22:02:06.000,美股跌幅进一步扩大 标普500指数跌2%
财联社,2025-08-01 21:51:35.000,财联社8月1日晚间新闻精选
同花顺,2025-08-01 21:49:11.000,惠誉上调墨西哥石油公司Pemex评级两档至BB
财联社,2025-08-01 21:45:20.000,美股跌幅扩大 纳指跌超2%
财联社,2025-08-01 21:42:02.000,夏普再出售一座液晶面板厂
财联社,2025-08-01 21:39:45.000,加密货币概念股集体重挫 Coinbase跌超13%
同花顺,2025-08-01 21:26:35.000,富时A50期指连续夜盘收跌0.23%，报13632点
财联社,2025-08-01 21:14:34.000,Roblox第二季度电话会：未来目标是占据1800亿美元全球游戏内容市场10%份额
财联社,2025-08-01 21:08:44.000,外汇局：防范化解外部冲击风险 强化跨境资金流动宏观审慎管理和预期引导
财联社,2025-08-01 21:07:37.000,精研科技：拟募资不超过5.8亿元 用于新型消费电子与数据服务器精密MIM零部件及组件生产项目等
同花顺,2025-08-01 21:06:22.000,哥伦比亚大学与美政府达成超2亿美元和解协议
财联社,2025-08-01 21:05:21.000,八部门围绕智能装备、智能制造和智慧服务“三大领域” 提出12项重点任务
财联社,2025-08-01 21:03:33.000,八部门印发《机械工业数字化转型实施方案》 目标到2027年建成不少于200家卓越级智能工厂
财联社,2025-08-01 21:01:31.000,中国神华：筹划发行股份及支付现金购买资产并募集配套资金 股票8月4日起停牌
财联社,2025-08-01 20:54:04.000,热门中概股美股盘前普跌 理想汽车跌超3%
财联社,2025-08-01 20:50:43.000,美国国债价格跃升 就业数据增强了降息预期
财联社,2025-08-01 20:50:10.000,阳谷华泰：因交易方案需要调整 申请中止审核重组事项
同花顺,2025-08-01 20:48:44.000,特朗普：听说印度将不再从俄罗斯购买石油
同花顺,2025-08-01 20:37:10.000,美联储理事库格勒将于8日辞职，特朗普可提前进行人事任命
财联社,2025-08-01 20:08:03.000,央行：设立中国人民银行宏观审慎和金融稳定委员会
财联社,2025-08-01 20:07:28.000,央行：发展人民币离岸市场 推动形成稳定的、期限齐全的流动性供给渠道
财联社,2025-08-01 20:06:09.000,央行：继续实施好适度宽松的货币政策
财联社,2025-08-01 20:04:14.000,央行：推动科技型中小企业贷款较快增长 加大“两重”“两新”等重点领域的融资支持力度
财联社,2025-08-01 20:00:27.000,上半年我国电竞产业收入127.61亿元 同比增长6.1%
财联社,2025-08-01 19:57:22.000,比亚迪：拟开展的外汇衍生品交易业务额度由等值100亿美元增加至等值120亿美元
财联社,2025-08-01 19:52:56.000,8月1日周五《新闻联播》要闻17条
财联社,2025-08-01 19:51:40.000,石化机械：公司独立董事周京平接受监察调查
财联社,2025-08-01 19:51:26.000,乐普医疗：注射用重组A型肉毒毒素临床试验申请获批
财联社,2025-08-01 19:50:42.000,大地财险被罚473万元，涉财务、业务数据造假等
财联社,2025-08-01 19:50:24.000,国元农险被罚340万元 涉未按照规定计提未决赔款准备金等
财联社,2025-08-01 19:50:06.000,华夏人寿被吊销业务许可证，多人遭禁业、撤销任职资格
财联社,2025-08-01 19:46:55.000,海康威视：上半年净利润同比增长11.71%
财联社,2025-08-01 19:46:47.000,三七互娱：子公司拟不超1000万美元参投SX Global Flagship Fund II L.P.
同花顺,2025-08-01 19:45:02.000,交易员加大对美联储9月份降息的押注
同花顺,2025-08-01 19:40:04.000,现货黄金短线涨幅扩大，突破3360美元/盎司
同花顺,2025-08-01 19:32:43.000,现货黄金短线走高，日内大涨2%，现报3356.11美元/盎司
同花顺,2025-08-01 19:27:48.000,胡塞武装3天内2次使用高超音速导弹袭击以色列
财联社,2025-08-01 19:04:23.000,南风股份：中标中广核工程有限公司6157万元项目
同花顺,2025-08-01 19:00:29.000,千岛群岛发生6.1级地震 震源深度10千米
财联社,2025-08-01 18:59:54.000,"比亚迪：7月汽车销量344296辆 去年同期销量342,383辆"
财联社,2025-08-01 18:58:43.000,藏格矿业：上半年净利润同比增长38.8% 拟每10股派10元
财联社,2025-08-01 18:56:23.000,康鹏科技：股东拟合计减持不超过5.89%公司股份
财联社,2025-08-01 18:54:57.000,波兰将与立陶宛边境管控延长至10月4日
财联社,2025-08-01 18:53:53.000,鸿蒙智行7月交付新车47752辆
财联社,2025-08-01 18:51:56.000,安通控股：中国外运拟3亿元-6亿元增持公司股份
财联社,2025-08-01 18:51:48.000,泸州老窖：2024年度每10股派45.92元 股权登记日为2025年8月7日
财联社,2025-08-01 18:50:14.000,河南省委省政府与科技部在京举行工作会谈
财联社,2025-08-01 18:48:55.000,香港运输署：优化“港车北上”预约安排
财联社,2025-08-01 18:48:39.000,南玻Ａ：公司与隆基股份子公司的合同实际履行金额未达到双方约定标准
财联社,2025-08-01 18:47:25.000,伊朗总统佩泽希齐扬将访问巴基斯坦
新浪财经,2025-08-01 18:47:00.000,胜软科技港股IPO遇阻：净利润率暴跌至-66.8% 账期飙至1662天 财务内控与市值门槛双重承压
财联社,2025-08-01 18:46:00.000,中国石油集团董事长戴厚良会见塞内加尔能源、石油和矿产部长
财联社,2025-08-01 18:45:31.000,特朗普称将对俄罗斯施加新制裁
财联社,2025-08-01 18:44:35.000,特朗普：若鲍威尔不降息 美联储理事会应“接管控制权”
财联社,2025-08-01 18:42:43.000,以军对黎南部和东部多地发动空袭 造成4人死亡
财联社,2025-08-01 18:42:08.000,人民日报评论：英伟达让我怎么相信你
同花顺,2025-08-01 18:36:19.000,WTI原油期货合约收跌2.79%，报67.33美元/桶
同花顺,2025-08-01 18:32:05.000,上期所原油期货夜盘收跌2.86%，报513元/桶
新浪财经,2025-08-01 18:32:00.000,塑料行业CFO薪酬观察：ST泉为CFO徐珍英任职次年公司业绩暴跌戴帽 年薪97.99万元高于行业平均薪酬26万元
新浪财经,2025-08-01 18:31:00.000,化学制品CFO薪酬观察：ST宁科CFO董春香年薪45.10万元翻了2.7倍 任职以来频繁受到监管处分 年内被罚75万元
新浪财经,2025-08-01 18:28:00.000,广告营销行业CFO薪酬观察：智度股份净利润下滑超三成 CFO刘韡年薪125.81万元翻了1.2倍 涨幅行业登顶
新浪财经,2025-08-01 18:26:00.000,数字媒体CFO薪酬观察：凡拓数创上市后业绩持续恶化 CFO张昱年薪68万元“坚如磐石” 累计减持套现超4000万元
同花顺,2025-08-01 18:17:41.000,比特币跌破114000美元/枚，日内跌1.58%
同花顺,2025-08-01 18:05:46.000,美国“龙”飞船执行新一期载人航天任务前往空间站
财联社,2025-08-01 18:05:43.000,四川省泸州市政协原党组成员、副主席唐杰被开除党籍和公职
财联社,2025-08-01 18:04:21.000,奥瑞金：投资建设泰国和哈萨克斯坦二片罐生产线项目
财联社,2025-08-01 18:03:24.000,云南省玉溪市委原书记王力接受纪律审查和监察调查
财联社,2025-08-01 18:00:07.000,刘国中在广东调研基孔肯雅热疫情防控工作时强调 全力以赴打赢疫情防控歼灭战 切实保障好人民群众身体健康
财联社,2025-08-01 17:54:52.000,首只央企天然气发电公募REITs登陆上交所
财联社,2025-08-01 17:50:26.000,【机构龙虎榜解读】智谱AI+国资云+数据要素，打造了国内最大的信创云基地，牵头发起成立人工智能创新应用联盟，与百川智能、智谱AI、等国内头部大模型公司建立生态合作关系，机构大额净买入这家公司
财联社,2025-08-01 17:50:10.000,格力电器回应网传文章：公司及高管不存在与“张某利”有不正当往来
财联社,2025-08-01 17:46:20.000,联创光电：拟1亿元回购子公司联创显示33.0229%股权
同花顺,2025-08-01 17:44:07.000,特朗普称部署核潜艇回应俄言论
财联社,2025-08-01 17:43:18.000,鼎通科技：初步确定的本次询价转让价格为76.72元/股
新浪财经,2025-08-01 17:41:00.000,上市券商董秘PK：西南证券董秘李军博士学历，年薪37.71万元，约为本科学历平均薪酬1/3
财联社,2025-08-01 17:39:30.000,财政部发布关于国债等债券利息收入增值税政策的公告
财联社,2025-08-01 17:38:59.000,南向资金今日净买入122亿港元 盈富基金净买额居首
财联社,2025-08-01 17:37:59.000,2连板倍加洁：7月23日-7月28日小倍一号、小倍二号分别减持102.5万股、57.5万股
新浪财经,2025-08-01 17:37:00.000,上市券商财务总监PK：华安证券龚胜昔硕士学历，年薪54.90万元，比本科平均薪酬还低40万
财联社,2025-08-01 17:36:53.000,迦南智能：全资子公司与专业投资机构共同投资设立基金
财联社,2025-08-01 17:32:46.000,保诚：以约289万英镑回购约30万股
财联社,2025-08-01 17:31:00.000,三安光电：拟联合境外投资人收购Lumileds Holding B.V.100%股权
同花顺,2025-08-01 17:30:06.000,美联储周五隔夜逆回购协议（RRP）使用规模为974.26亿美元
财联社,2025-08-01 17:29:38.000,国家网信办：网站平台应进一步完善医疗“自媒体”账号资质认证工作
财联社,2025-08-01 17:29:01.000,远东股份：7月子公司中标千万元以上合同订单金额合计28.14亿元
财联社,2025-08-01 17:08:17.000,信义光能：2025上半年净利润7.46亿元 同比减少58.8%
财联社,2025-08-01 17:05:34.000,电讯盈科：2025上半年收入189.22亿港元 同比增加7%
财联社,2025-08-01 17:05:27.000,华天科技：拟20亿元设立2.5D/3D集成电路封装测试公司 抢抓先进封装市场先机
财联社,2025-08-01 17:05:01.000,马克龙反对欧盟对美过分让步
财联社,2025-08-01 17:04:12.000,中证协：截至6月底 证券行业登记从业人员数量为36.29万人
财联社,2025-08-01 17:03:10.000,工信部元宇宙标准化技术委员会筹建方案公示
同花顺,2025-08-01 17:03:04.000,美国至8月1日当周石油钻井总数410口，前值415口
财联社,2025-08-01 17:00:02.000,晶合集成：正在筹划发行H股并在香港联合交易所上市
财联社,2025-08-01 16:57:43.000,雅本化学：与恒瑞医药签署战略合作协议
财联社,2025-08-01 16:56:12.000,华特达因：子公司签署褪黑素颗粒（曼乐静®）总经销合同
同花顺,2025-08-01 16:32:38.000,布伦特原油期货跌超3%
同花顺,2025-08-01 16:22:48.000,易事达光电（广东）股份有限公司于2025年8月1日正式启动上市辅导
同花顺,2025-08-01 16:21:52.000,江苏屹信航天科技股份有限公司于2025年8月1日正式启动上市辅导
财联社,2025-08-01 16:03:38.000,河北“五超”联赛将登台 整体历时9个月
财联社,2025-08-01 16:02:36.000,特朗普要求制药巨头降低美国药价 药企巨头盘前集体下跌
财联社,2025-08-01 16:02:12.000,大连涉107亿余元非法集资案宣判
财联社,2025-08-01 15:59:50.000,关税致苹果损失8亿美元 库克称今年已收购约7家公司
财联社,2025-08-01 15:56:17.000,上半年海洋经济稳中向好 突破5万亿元
财联社,2025-08-01 15:55:05.000,芯原股份：2025年第二季度预计实现营业收入5.84亿元 环比增长49.90%
财联社,2025-08-01 15:55:04.000,港交所：委任阿里巴巴前董事会主席张勇为中国业务咨询委员会成员
财联社,2025-08-01 15:54:16.000,工信部：上半年我国集成电路设计收入2022亿元 同比增长18.8%
财联社,2025-08-01 15:53:51.000,常熟汽饰：拟2400万欧元在西班牙设立全资子公司
财联社,2025-08-01 15:53:12.000,工信部：上半年我国软件业务收入70585亿元 同比增长11.9%
财联社,2025-08-01 15:51:29.000,8月1日连板股分析：连板股晋级率不足二成 AI应用端午后异军突起
财联社,2025-08-01 15:51:21.000,智元机器人获LG电子等国际集团战略入股
新浪财经,2025-08-01 15:34:00.000,交通运输行业董秘薪酬榜：浙商中拓业绩骤降、多次违规被罚 董秘雷邦景涨薪61万涨幅业内第四
新浪财经,2025-08-01 15:27:00.000,交通运输行业董秘薪酬榜：招商轮船营收规模连降2年 董秘孔康涨薪至153万上榜
新浪财经,2025-08-01 15:24:00.000,交通运输行业董秘薪酬榜：中远海控肖俊光2024年薪腰斩 仍以298万高居业内第二
新浪财经,2025-08-01 15:20:00.000,电力设备行业董秘薪酬榜：安科瑞收利双降 董秘罗叶兰涨薪56万至193万、涨幅位列业内第四
新浪财经,2025-08-01 15:17:00.000,汽车行业董秘薪酬榜：中集车辆营收净利双双逆势大降 董秘毛弋仍涨薪39万至230万上榜
同花顺,2025-08-01 15:11:26.000,美国马萨诸塞州社区银行Avidia Bank开盘价报14.34美元，涨幅达43%
财联社,2025-08-01 15:05:40.000,花旗：上调微软目标价至680美元 续列为超大市值股票中的首选
财联社,2025-08-01 15:04:22.000,针对民营企业“内卷式”竞争 国家发展改革委正统筹采取修订法律等举措
财联社,2025-08-01 15:02:21.000,收评：三大指数小幅下跌 两市成交额缩量超3000亿
同花顺,2025-08-01 15:01:00.000,国内期货夜盘收盘主力合约跌多涨少
财联社,2025-08-01 15:00:56.000,国内商品期货收盘 焦煤跌超7%
同花顺,2025-08-01 14:58:24.000,Reddit股价延续涨势，涨幅达20%
财联社,2025-08-01 14:56:43.000,英诺赛科回应与英伟达合作：处于测试阶段 尚无实质订单
同花顺,2025-08-01 14:55:27.000,巴西国家石油局：巴西6月天然气产量达1.8164亿立方米/日
财联社,2025-08-01 14:54:17.000,【盘中宝】该地AI细分业务平台正式上线，机构称“人工智能+”浪潮下，该行业或成为先行赛道之一，这家企业近日推出多个AI产品
财联社,2025-08-01 14:51:11.000,沪深两市成交额突破1.5万亿 较昨日此时缩量超3200亿
财联社,2025-08-01 14:50:00.000,市场监管总局无条件批准中创新航收购苏奥传感股权案
财联社,2025-08-01 14:42:17.000,【异动解析】《政务数据共享条例》正式施行，机构称对政务数据市场的发展将会带来重大利好，这家公司已经积累海量城市治理相关数据资源
同花顺,2025-08-01 14:42:17.000,WTI原油日内大跌3.00%
同花顺,2025-08-01 14:40:46.000,奇瑞集团7月销售汽车22.44万辆，同比增长14.7%
同花顺,2025-08-01 14:40:30.000,美联储博斯蒂克：通胀风险远大于就业风险
财联社,2025-08-01 14:39:10.000,上半年智能手机产量5.63亿台 规上电子信息制造业增加值同比增长11.1%
财联社,2025-08-01 14:33:56.000,任天堂第一季度净利润960.3亿日元 同比增长19%
财联社,2025-08-01 14:27:54.000,【盘中宝】数据中心核心基础设施，这类产品重要性以及价值量有望持续提升，这家公司相关产品客户包括阿里、腾讯等
同花顺,2025-08-01 14:24:13.000,中际旭创：董事、常务副总裁王晓东拟减持不超0.06%公司股份
同花顺,2025-08-01 14:12:39.000,欧洲信用风险指数创下5月23日以来最大涨幅
财联社,2025-08-01 14:09:05.000,TikTok合并核心产品和信任与安全团队
财联社,2025-08-01 14:08:36.000,山东： 对个人消费者购置智能家居产品予以补贴
财联社,2025-08-01 14:06:43.000,以官员称考虑扩大加沙军事行动
同花顺,2025-08-01 14:02:39.000,WTI原油日内跌超2.00%
财联社,2025-08-01 14:02:20.000,AI应用端震荡回升 鼎捷数智涨超10%
同花顺,2025-08-01 14:02:14.000,美元兑日元USD/JPY日内大跌2.00%
同花顺,2025-08-01 14:02:01.000,美国6月营建支出环比下降0.4%，预期持平
同花顺,2025-08-01 14:01:30.000,美国7月一年期通胀率预期终值为4.5%，预期4.40%
同花顺,2025-08-01 14:01:21.000,美国7月密歇根大学消费者信心指数终值为61.7，预期62
同花顺,2025-08-01 14:01:11.000,美国7月ISM制造业PMI为48，预期49.5
财联社,2025-08-01 13:53:24.000,deepseek关联公司公布大语言模型部署方法专利
同花顺,2025-08-01 13:53:14.000,欧洲斯托克600指数有望创下自4月9日以来的最大单日跌幅
同花顺,2025-08-01 13:50:48.000,金埔园林：金埔产投与汉江乡投拟成立合资公司
同花顺,2025-08-01 13:49:57.000,恐慌指数VIX涨穿20关口，为6月份以来首次
同花顺,2025-08-01 13:45:42.000,美国7月标普全球制造业PMI终值49.8，预期49.7
财联社,2025-08-01 13:45:40.000,雷诺收购日产在印度金奈合资工厂的剩余股权
同花顺,2025-08-01 13:45:10.000,纳斯达克综合指数低开低走跌超2%
同花顺,2025-08-01 13:42:09.000,弘信电子：控股子公司与庆阳政府共建燧弘庆阳绿色智能数字基础设施项目 总投资预计128亿元
财联社,2025-08-01 13:41:38.000,暑运过半 长三角铁路发送旅客近8600万人次
财联社,2025-08-01 13:41:20.000,中药板块逆势拉升 天目药业等多股涨停
财联社,2025-08-01 13:38:52.000,美国上诉法院维持谷歌应用商店垄断裁决
财联社,2025-08-01 13:38:10.000,创业板指跌逾1% 下跌个股近2700只
同花顺,2025-08-01 13:37:54.000,欧股跌幅继续扩大，法国CAC40指数日内大跌3.00%
财联社,2025-08-01 13:37:34.000,焦煤期货主力合约日内跌幅扩大至8%
同花顺,2025-08-01 13:34:27.000,顶固集创：中山凯悦拟减持不超0.95%公司股份
同花顺,2025-08-01 13:32:16.000,Reddit迅速走高涨超12%
同花顺,2025-08-01 13:31:49.000,美国两年期国债收益率下跌20个基点至3.76%
同花顺,2025-08-01 13:31:40.000,纳斯达克中国金龙指数盘初跌近2%
同花顺,2025-08-01 13:30:24.000,美股开盘：三大指数集体低开
财联社,2025-08-01 13:28:00.000,【金牌纪要库·风口会议】价值量提升50%-60%！iPhone 17硬件设计已基本定案，散热改用双层VC均热板，这家A股上市企业或已成功导入产品，另外这家企业同样具备超薄VC均热板生产能力
同花顺,2025-08-01 13:27:20.000,上汽通用五菱：7月新能源销量同比增长50.9%
新浪财经,2025-08-01 13:27:00.000,生物制品上市公司董秘PK：博晖创新董海锋成行业“劳模” 年接待投资者1500次排名第一
新浪财经,2025-08-01 13:26:00.000,生物制品上市公司董秘PK：赛升药业王雪峰成“最惨”董秘 任职14年年薪不足40万
同花顺,2025-08-01 13:25:33.000,*ST亚振：拟5544.9万元现金收购广西锆业51%股权存在不确定性
新浪财经,2025-08-01 13:24:00.000,生物制品上市公司董秘PK：无锡晶海陈向红为业内唯一专科学历董秘 已履职超10年年薪超60万
财联社,2025-08-01 13:23:43.000,算力硬件股持续调整 景旺电子等多股跌超5%
新浪财经,2025-08-01 13:23:00.000,生物制品上市公司董秘PK：辽宁成大邱闯成为业内唯一博士董秘 今年5月刚刚上任
新浪财经,2025-08-01 13:21:00.000,生物制品上市公司董秘PK：上海莱士刘峥年薪325.65万元行业第一 已在公司任职15年
同花顺,2025-08-01 13:18:01.000,泰尔股份：股东黄春燕拟减持不超2.97%公司股份
财联社,2025-08-01 13:17:17.000,海河防总、海委分别将防汛应急响应和洪水防御应急响应降至Ⅳ级
同花顺,2025-08-01 13:17:02.000,美联储哈玛克：劳动力市场看起来健康，仍处于平衡状态
同花顺,2025-08-01 13:15:23.000,现货黄金站上3350美元/盎司
同花顺,2025-08-01 13:12:00.000,澳元兑美元日内涨幅达到1.00%
新浪财经,2025-08-01 13:12:00.000,中药上市公司董秘PK：益佰制药蒋先洪任董秘一年即收获140万年薪 显著高于行业均值
新浪财经,2025-08-01 13:11:00.000,中药上市公司董秘PK：华润三九邢健年薪255.87万元行业第一 任职董秘尚不足一年
财联社,2025-08-01 13:09:45.000,三星电子：HBM3E供需将发生变化 未来与传统DRAM的利润率差距将大幅缩小
财联社,2025-08-01 13:09:24.000,柬埔寨国家航空公司将购买10架波音737 MAX 8客机
新浪财经,2025-08-01 13:09:00.000,中药上市公司董秘PK：以岭药业吴瑞、昆药集团张梦珣、金花股份张朝阳为唯三博士董秘
新浪财经,2025-08-01 13:08:00.000,中药上市公司董秘PK：特一药业许紫兰为行业最年轻董秘 年薪57.78万元低于行业均值
同花顺,2025-08-01 13:05:22.000,精研科技：拟与宁波明研等共同设立江苏精研热处理有限公司，注册资本3000万元
新浪财经,2025-08-01 13:05:00.000,原料药上市公司董秘PK：美诺华应高峰年接待投资者291次排名第五 年薪仅26.7万元
同花顺,2025-08-01 13:04:39.000,国家外汇管理局：适时开展逆周期调节，维护外汇市场稳定和国家经济金融安全
同花顺,2025-08-01 13:03:56.000,国家外汇管理局：深化外汇领域改革开放。支持外贸稳定发展
同花顺,2025-08-01 13:02:38.000,工业和信息化部等八部门关于印发《机械工业数字化转型实施方案》的通知
财联社,2025-08-01 13:01:36.000,沪深两市成交额突破1万亿 较昨日此时缩量超1600亿
财联社,2025-08-01 13:01:24.000,以色列称不会在哈马斯交出武器及领导人离开加沙等条件上妥协
财联社,2025-08-01 13:01:12.000,江苏轨道交通装备产业规模今年力争达千亿级别
同花顺,2025-08-01 13:00:28.000,国内期货夜盘开盘主力合约跌多涨少
财联社,2025-08-01 12:56:16.000,【风口研报·行业】流感病毒药物不停迭代，但我国第一大用药奥司他韦上市已超十年，分析师看好当前管线布局已迈入收获期，2025有望开启国产流感新药元年
同花顺,2025-08-01 12:54:26.000,非农数据公布后，美国总统特朗普再次批评鲍威尔，并再次呼吁降息
同花顺,2025-08-01 12:54:02.000,尊湃剽窃华为芯片技术遭重罚，总计罚金1350万
同花顺,2025-08-01 12:52:38.000,美国10年期国债收益率日内下跌10个基点
财联社,2025-08-01 12:51:49.000,香港《稳定币条例草案》正式生效
同花顺,2025-08-01 12:49:25.000,交易员重新完全消化年底前美联储降息两次的情景
同花顺,2025-08-01 12:46:46.000,美国7月非农就业报告公布后，美元指数累计下跌约100点
财联社,2025-08-01 12:46:34.000,大虹桥发布“直播经济15条”：到2026年打造一批百亿级直播电商基地
同花顺,2025-08-01 12:45:21.000,房地美盘前直线拉升涨超20% 房利美涨超16%
同花顺,2025-08-01 12:43:21.000,就业数据公布后，美国两年期国债收益率跌至3.8%的一个月低点
同花顺,2025-08-01 12:43:12.000,美国股指期货收窄跌幅
财联社,2025-08-01 12:41:26.000,【机构调研】这家公司覆盖三大固态主流路线，半固态电池已实现商用
同花顺,2025-08-01 12:41:26.000,东风固态电池将于2026年上车
新浪财经,2025-08-01 12:40:00.000,钢铁行业公司董秘PK：杭钢股份吴继华成行业“劳模” 年接待投资者707次排名第一
同花顺,2025-08-01 12:39:51.000,货币市场预期欧洲央行在12月前降息25个基点的可能性为60%
新浪财经,2025-08-01 12:38:00.000,钢铁行业公司董秘PK：宝钢股份王娟年薪221.7万元行业第一 已在公司任职7年
新浪财经,2025-08-01 12:37:00.000,有色金属董秘：紫金矿业董秘郑友诚年薪451.38万为行业最高，是宏创控股董秘肖萧年薪的12倍
新浪财经,2025-08-01 12:36:00.000,钢铁行业公司董秘PK：新兴铸管王美英为业内唯一博士董秘 年薪23.6万元低于行业均值
新浪财经,2025-08-01 12:34:00.000,钢铁行业公司董秘PK：大中矿业林圃正为行业最年轻董秘 160.63万元远超行业均值
新浪财经,2025-08-01 12:32:00.000,石油石化公司董秘PK：大庆华科孟凡礼成行业“劳模” 年接待投资者520次排名第一
财新网,2025-08-01 12:30:00.000,夜读深度：电商补贴暂时休战
新浪财经,2025-08-01 12:30:00.000,石油石化公司董秘PK：科力股份宋小青以大专学历拿下32.22万年薪 已于公司任职4年
新浪财经,2025-08-01 12:28:00.000,石油石化公司董秘PK：海油工程蔡怀宇、中国海油徐玉高为业内唯二博士学历董秘
新浪财经,2025-08-01 12:26:00.000,石油石化公司董秘PK：贝肯能源付娆为行业最年轻董秘 年仅27岁薪酬已达61.49万元
财联社,2025-08-01 12:23:36.000,泰方将两名扣押柬军士兵移交柬方
新浪财经,2025-08-01 12:21:00.000,医药上市公司财务总监PK：迈瑞医疗赵云年薪超800万行业第一 专职CFO无其他任职
新浪财经,2025-08-01 12:19:00.000,医药上市公司财务总监PK：盘龙药业祝凤鸣凭中职学历拿下56.94万年薪 62岁已于公司任职15年
财联社,2025-08-01 12:18:38.000,上交所明确申报前咨询机制定位：非必备程序 结果不作为审核依据
财联社,2025-08-01 12:18:06.000,财联社8月1日午间新闻精选
财联社,2025-08-01 12:16:56.000,日本政府与汽车行业就美关税交换意见
财联社,2025-08-01 12:12:00.000,高合汽车合并重整战略投资人招募延期
财联社,2025-08-01 12:11:45.000,第二批浮费基金陆续迎来发行 3只产品定档下周一
财联社,2025-08-01 12:11:05.000,浦东机场口岸单日出入境客流创近年新高
财联社,2025-08-01 12:08:48.000,【盘中宝·数据】创新药+军工+婴童+AI智能体+PCB，五大热点一周以来获融资净买入情况（附表）
财联社,2025-08-01 12:08:02.000,港股午评：恒指跌0.18% 大型科网股多数转涨
同花顺,2025-08-01 12:07:49.000,美联储理事沃勒：美联储应将利率调整得更接近中性水平
同花顺,2025-08-01 12:07:37.000,美联储理事鲍曼：劳动力市场显示出日益脆弱的迹象
同花顺,2025-08-01 12:06:36.000,7月广州二手住宅网签近9000套
同花顺,2025-08-01 12:05:25.000,央行：有序推进快速支付系统互联互通
同花顺,2025-08-01 12:04:35.000,博瑞医药回应GLP-1双靶点在研药物与华润三九合作
同花顺,2025-08-01 12:04:20.000,央行：加快拓展贸易项下人民币使用
同花顺,2025-08-01 11:59:07.000,上半年我国电竞产业收入127.61亿元，同比增长6.1%
同花顺,2025-08-01 11:54:48.000,中熔电气：三股东拟减持公司股份
财联社,2025-08-01 11:54:40.000,英伟达最新800V架构供应商名单曝光 英诺赛科成中国唯一入选芯片企业
同花顺,2025-08-01 11:52:01.000,乐普医疗：子公司乐普健糖药业（重庆）有限公司自主研发的注射用重组A型肉毒毒素获得药物临床试验批准通知书
同花顺,2025-08-01 11:49:18.000,原中国华云气象科技集团公司总经理张建云接受审查调查
财联社,2025-08-01 11:47:05.000,京东外卖：坚持反内卷立场 抵制“0元购”等恶性补贴
同花顺,2025-08-01 11:46:05.000,海康威视：2025年上半年净利润56.57亿元，同比增长11.71%
同花顺,2025-08-01 11:45:48.000,因信贷资金投向不合规等 金融监管总局对中国农业发展银行罚款1020万元
同花顺,2025-08-01 11:45:22.000,诺和诺德、礼来盘前上涨，美国或考虑保险覆盖减肥药物
同花顺,2025-08-01 11:45:06.000,石化机械：独立董事周京平接受监察调查
财联社,2025-08-01 11:42:15.000,60天最后期限！特朗普致信全球17家制药巨头：要求降低美国药价
同花顺,2025-08-01 11:41:03.000,普京：去年6月提出的俄乌冲突停火条件仍然有效
财联社,2025-08-01 11:40:04.000,中国电子、申万宏源等在天津成立新兴产业投资基金 出资额15亿
财联社,2025-08-01 11:39:11.000,【掘金行业龙头】液冷+散热材料+机器人，液冷产品小批量交付，服务器领域客户包括微软、Meta、华为等科技巨头，这家公司散热产品可用于手机、PC、机器人
财联社,2025-08-01 11:39:02.000,8月1日午间涨停分析
同花顺,2025-08-01 11:36:06.000,再升科技：拟以2.31亿元收购迈科隆49%股权
同花顺,2025-08-01 11:34:25.000,移动电源认证实施规则发布 8月15日起实施
同花顺,2025-08-01 11:34:13.000,九号公司：第二季度实现营业收入66.3亿元，同比增长61.54%
财联社,2025-08-01 11:32:18.000,午评：沪指半日跌0.19% 光伏概念集体反弹
财联社,2025-08-01 11:28:35.000,蔚来董事长李斌：电动汽车终极技术路线是纯电动
财联社,2025-08-01 11:18:20.000,全球信用债利差触及2007年以来低点 高盛提示客户保持谨慎
财联社,2025-08-01 11:12:53.000,机器人、减速器概念局部异动 中马传动直线涨停
财联社,2025-08-01 11:06:32.000,【盘中宝】这类系统是高竞争壁垒领域，人形机器人的迅速发展，将为行业带来更广阔的发展空间，这家公司相关领域已有订单进入量产
财联社,2025-08-01 11:05:32.000,龙芯中科与中国核建达成全面战略合作
同花顺,2025-08-01 11:05:28.000,广汽埃安：7月销量26557辆
同花顺,2025-08-01 11:03:49.000,鸿蒙智行：7月交付新车47752辆
同花顺,2025-08-01 11:03:41.000,三超新材：正在筹划控制权变更相关事宜 股票继续停牌不超过3个交易日
同花顺,2025-08-01 11:02:33.000,比亚迪：7月汽车销量344296辆
财联社,2025-08-01 11:02:00.000,国家发改委：将根据地方推荐的情况 统筹考虑确定首批的国家级零碳园区建设名单
财联社,2025-08-01 11:00:50.000,国家发改委：将坚持和完善政企常态化沟通交流机制 解决民企实际困难问题
财联社,2025-08-01 10:59:08.000,国家发改委：持续完善全国统一电力市场体系 进一步统一规则、破除壁垒
同花顺,2025-08-01 10:58:41.000,亿华通：周竹青7月减持0.03%
财联社,2025-08-01 10:58:34.000,银行板块探底回升 农业银行创历史新高
同花顺,2025-08-01 10:57:07.000,藏格矿业：2025年上半年净利润同比增长38.80%
财联社,2025-08-01 10:57:05.000,上海：加速推进算力互联互通 探索算力出海专网服务
财联社,2025-08-01 10:56:28.000,上海：探索智能体云算力服务 合力研发智能体云服务操作系统
同花顺,2025-08-01 10:56:13.000,容百科技：2025年上半年净利润亏损6839.46万元
新浪财经,2025-08-01 10:56:00.000,食品饮料行业上市公司财务总监PK：9家白酒公司财务总监降薪 泸州老窖谢红从129.9万降至109.3万元
财联社,2025-08-01 10:55:56.000,主力资金监控：新易盛净卖出超5亿
同花顺,2025-08-01 10:55:12.000,远大控股：注销231.36万股回购股份
同花顺,2025-08-01 10:54:31.000,康鹏科技：无锡云晖等拟减持3%
财联社,2025-08-01 10:53:35.000,三大指数全线翻绿
财联社,2025-08-01 10:53:27.000,市场监管总局公开征求《直播电商落实食品安全主体责任监督管理规定（征求意见稿）》意见
同花顺,2025-08-01 10:53:10.000,欧股跌幅扩大 德国DAX指数日内跌幅达2.00%
新浪财经,2025-08-01 10:53:00.000,食品饮料行业上市公司财务总监PK：洋河股份去年净利润下滑33.37% 总监尹秋明薪酬从141.79万降至125.47万
新浪财经,2025-08-01 10:53:00.000,食品饮料行业上市公司财务总监PK：金种子酒陷亏损 财务总监金昊薪酬达107.8万元
财联社,2025-08-01 10:52:08.000,国家发改委：坚决制止新兴领域盲目跟风、一哄而上、一哄而起
财联社,2025-08-01 10:51:44.000,深圳7月一二手住宅网签总量7316套 二手成交量微涨一手跌
同花顺,2025-08-01 10:51:10.000,安通控股：中国外运增持不超3.2元/股
同花顺,2025-08-01 10:50:13.000,泸州老窖：每10股派45.92元现金
新浪财经,2025-08-01 10:50:00.000,食品饮料行业上市公司财务总监PK：3家白酒公司财务总监年薪超200万 古井贡酒朱家峰达到221.69万元
财联社,2025-08-01 10:48:40.000,韩国7月出口同比增加5.9%
财联社,2025-08-01 10:48:35.000,国家发改委：加快推进价格法修订 引导企业科学、理性定价
同花顺,2025-08-01 10:48:19.000,恩捷股份：完成回购注销33万股限制性股票
财联社,2025-08-01 10:48:04.000,上海：开展“算力浦江”2025年算力基础设施高质量发展专项行动
财联社,2025-08-01 10:47:28.000,美团、淘宝闪购、饿了么发文：呼吁抵制无序竞争
财联社,2025-08-01 10:46:14.000,国家发改委：全国跨区输送电力最高达到1.48亿千瓦 创历史新高
财联社,2025-08-01 10:45:23.000,国家发改委：推动民营企业更多参与国家重大项目建设
财联社,2025-08-01 10:45:03.000,国家发改委：将进一步明确政府招商引资鼓励、禁止行为 依法依规整治企业无序竞争
同花顺,2025-08-01 10:43:49.000,南玻A：与隆基股份合同销售金额14.41亿元
财联社,2025-08-01 10:43:46.000,焦煤期货主力合约日内跌超6%
财联社,2025-08-01 10:43:08.000,医疗卫生强基工程启动实施 支持约600个县域医共体改善基础条件
财联社,2025-08-01 10:42:24.000,国家发改委：落实提升消费专项行动部署 聚焦文旅、体育、养老、医疗等方面
财联社,2025-08-01 10:41:54.000,国家发改委：将加快推动一批标志性改革举措落地见效
财联社,2025-08-01 10:35:30.000,美情报机构频繁对我国防军工领域实施网络攻击窃密
财联社,2025-08-01 10:34:52.000,最高法：无论双方协商还是劳动者单方承诺 任何“不缴社保”的约定均无效
财联社,2025-08-01 10:33:55.000,驻菲律宾使馆发言人就菲律宾防长涉海言论答记者问
财联社,2025-08-01 10:31:40.000,贵州省黔南州委副书记、州长向承强接受纪律审查和监察调查
财联社,2025-08-01 10:31:20.000,中国移动通信集团云南有限公司党委委员、副总经理孙超接受纪律审查和监察调查
财联社,2025-08-01 10:28:36.000,美团呼吁抵制“内卷式”竞争 共建行业良好生态
同花顺,2025-08-01 10:06:52.000,余承东：问界M8纯电版首发华为电池延寿技术
同花顺,2025-08-01 10:06:13.000,天宜新材：预计2025年半年度净利润亏损2.4亿元到1.9亿元
同花顺,2025-08-01 10:05:04.000,三安光电：800G光芯片产品已实现小批量出货
同花顺,2025-08-01 10:04:09.000,节卡机器人科创板IPO审核状态变更为“已问询”
同花顺,2025-08-01 10:03:10.000,奥瑞金：泰国项目投资4.42亿元 哈萨克斯坦项目投资6.47亿元
同花顺,2025-08-01 10:02:02.000,湖南海利：累计回购0.5721%公司股份
同花顺,2025-08-01 10:00:39.000,海兴电力：控股股东海兴控股转让5%股份完成过户登记
财新网,2025-08-01 10:00:00.000,戴蒙谈AI影响就业：跟其他技术一样
同花顺,2025-08-01 09:59:34.000,合众思壮：副总经理闫文因个人原因辞职
同花顺,2025-08-01 09:58:39.000,南下资金连续第4日净买入港股超百亿港元，加仓小米、腾讯和美团
同花顺,2025-08-01 09:55:27.000,梓橦宫:收到苯甲酸利扎曲普坦胶囊药品再注册批准通知书
同花顺,2025-08-01 09:55:21.000,汉商集团：股票交易连续3日涨幅偏离20%
同花顺,2025-08-01 09:52:20.000,英镑兑美元GBP/USD日内跌幅达0.50%
同花顺,2025-08-01 09:51:24.000,国家统计局：要加大数据发布解读力度，强化经济热点、群众关切问题解读
同花顺,2025-08-01 09:49:42.000,中国外运:拟增持安通控股不超6亿元
同花顺,2025-08-01 09:48:04.000,中国重工：异议股东现金选择权行权价格为4.03元/股
同花顺,2025-08-01 09:46:54.000,萤石网络：2025年上半年净利润3.02亿元，同比增长7.38%
同花顺,2025-08-01 09:45:01.000,富士莱：累计回购公司股份数量为40万股
财联社,2025-08-01 09:34:13.000,体育概念盘初下挫 共创草坪跌停
财联社,2025-08-01 09:33:47.000,交通领域已淘汰更新26万辆营运类柴油货车
财联社,2025-08-01 09:33:18.000,国家网信办：将研究出台流量支持政策 助力提升红“V”账号影响力、传播力
财联社,2025-08-01 09:33:03.000,军工板块走低 多股跌超5%
财联社,2025-08-01 09:32:26.000,液冷服务器概念延续强势 川润股份2连板
财联社,2025-08-01 09:25:02.000,蔚来涨近9% 旗下新车型上市
财联社,2025-08-01 09:24:00.000,【盘中宝·数据】持续性涨价+AI强催化+国产化加速，机构称存储板块迎机遇，最新整理存储芯片产业链市占率、产能等（附表）
财联社,2025-08-01 09:23:42.000,交通运输部：培育壮大交通运输领域新质生产力 大力发展智慧交通
财联社,2025-08-01 09:21:36.000,央行公开市场今日净回笼6633亿元
财联社,2025-08-01 09:20:46.000,香港恒生指数开盘跌0.12% 蔚来汽车涨超8%
财新网,2025-08-01 09:20:00.000,华尔街为8月的震荡做准备
财联社,2025-08-01 09:15:13.000,江苏昆山：将足球高质量发展深度融入昆山市“十五五”国民经济与社会发展规划
财联社,2025-08-01 09:12:01.000,四川省商业航天产业发展大会在成都举行
同花顺,2025-08-01 09:08:21.000,中国证券业协会：截至6月底 证券行业登记从业人员数量为36.29万人
同花顺,2025-08-01 09:07:48.000,零跑汽车7月交付量达50129台
同花顺,2025-08-01 09:07:27.000,电声股份：控股股东解除质押2.33%公司股份
同花顺,2025-08-01 09:07:20.000,国投中鲁：发行股份购买资产并募集配套资金
同花顺,2025-08-01 09:06:07.000,证监会同意上海友升铝业股份有限公司主板IPO注册申请
同花顺,2025-08-01 09:05:33.000,中铁快运股份有限公司原副总经理吴永奇接受审查调查
同花顺,2025-08-01 09:05:31.000,*ST聆达：重整投资人签署重整投资协议
同花顺,2025-08-01 09:05:25.000,飞沃科技：累计回购公司股份11.24万股
财联社,2025-08-01 09:03:33.000,【盘中宝】推动“人工智能+”行动走深走实，机构称AI技术已从以往的参数竞赛快速推进到应用端，看好全球AI应用的加速落地，这家企业推出新一代AI产品
同花顺,2025-08-01 09:03:31.000,华天科技：拟设立全资子公司南京华天先进封装有限公司，注册资本总额20亿元
同花顺,2025-08-01 09:00:44.000,欧元区7月CPI同比增长2%，预期增长1.90%
同花顺,2025-08-01 08:59:03.000,7月私募机构调研次数达1763次，计算机行业以260次居首
同花顺,2025-08-01 08:58:51.000,国家发展改革委、国家能源局完善省内天然气管道运输价格机制
同花顺,2025-08-01 08:58:26.000,《南京照相馆》总票房破10亿
同花顺,2025-08-01 08:57:28.000,2倍做多恐慌指数期货ETF(UVIX)盘前大涨近10%
同花顺,2025-08-01 08:56:42.000,SensorTower：全球游戏市场规模有望在2028年突破1200亿美元
同花顺,2025-08-01 08:56:08.000,永冠新材：累计回购11万股
同花顺,2025-08-01 08:55:55.000,四方新材：子公司及分公司将逐步停工停产
同花顺,2025-08-01 08:55:02.000,瑞士法郎兑美元汇率跌至五周低点
同花顺,2025-08-01 08:54:54.000,华光源海：拟以1020万元购买湖南汉牛物流科技有限公司51%股权
财新网,2025-08-01 08:50:00.000,热点数据：6月海南社零同比增38.9%
财联社,2025-08-01 08:16:36.000,7月重卡销售8.3万辆 同比增长42%
同花顺,2025-08-01 08:06:31.000,Reddit盘前股价飙升14.7%
同花顺,2025-08-01 08:06:02.000,Coinbase盘前股价下跌11%
财联社,2025-08-01 08:04:39.000,【九点特供】蚂蚁数科通过可信AI客服智能体评估，叠加《关于深入实施“人工智能+”行动的意见》审议通过，机构看好今年是AI Agent能力平台化元年，这家公司AI智能体将大模型应用于AI SaaS场景中
同花顺,2025-08-01 08:04:32.000,工信部：上半年北京、广东、江苏、山东、上海软件业务收入居全国前五
同花顺,2025-08-01 08:02:42.000,美股股指期货走低，标普500指数期货跌0.84%
财联社,2025-08-01 08:02:19.000,今日申购指南及新股定位分析
财联社,2025-08-01 08:02:10.000,投资日历：周五资本市场大事提醒
同花顺,2025-08-01 08:01:42.000,欧元区7月制造业PMI终值49.8，预期49.8
财联社,2025-08-01 08:01:20.000,财联社8月1日早间新闻精选
同花顺,2025-08-01 08:01:04.000,苹果盘前涨近2%
同花顺,2025-08-01 08:00:44.000,亚马逊盘前跌超7%
同花顺,2025-08-01 08:00:22.000,软件设计巨头figma盘前涨超23%
同花顺,2025-08-01 07:59:56.000,上半年国内居民出游人次32.85亿
同花顺,2025-08-01 07:58:48.000,开开实业：拟1741.23万元转让南京天石11.11%股权
财联社,2025-08-01 07:57:13.000,墨西哥总统：墨美将就限制武器和毒品贩运达成安全协议
同花顺,2025-08-01 07:56:24.000,国邦医药：累计回购0.96%公司股份，耗资1.03亿元
同花顺,2025-08-01 07:55:47.000,德国7月制造业PMI终值49.1，预期49.2
同花顺,2025-08-01 07:55:26.000,突破5万亿元上半年海洋经济稳中向好
财联社,2025-08-01 07:55:10.000,美参议院拨款委员会否决削减国立卫生研究院预算提案
同花顺,2025-08-01 07:54:32.000,极氪科技7月销量44193台
同花顺,2025-08-01 07:53:40.000,工信部：上半年我国软件业务收入70585亿元，同比增长11.9%
同花顺,2025-08-01 07:53:02.000,发生泥石流 俄罗斯海拔最高城市进入紧急状态
同花顺,2025-08-01 07:52:45.000,法国7月制造业PMI终值48.2，预期48.4
同花顺,2025-08-01 07:50:41.000,常熟汽饰：拟投资2400万欧元设立全资子公司
财联社,2025-08-01 07:46:22.000,券商最新私募资管规模达5.52万亿元 固收类产品占比超八成
财联社,2025-08-01 07:46:21.000,【点金互动易】这家公司与多家GPU企业签订战略合作协议，并推出液冷算力产品
财联社,2025-08-01 07:41:46.000,A股“红包”来袭 24家上市公司拟中期分红超145亿元
财联社,2025-08-01 07:34:57.000,特朗普签署行政令 确定新“对等关税” 税率自10%至41%不等
财联社,2025-08-01 07:28:41.000,险资长期投资改革试点渐次落地 保险系私募证券投资基金增至6只
财联社,2025-08-01 07:26:17.000,7月份公募机构调研超3400次 电子行业前沿应用等频被问及
财联社,2025-08-01 07:21:22.000,特朗普实施“对等关税”合法性遭美联邦法院质疑
财联社,2025-08-01 07:14:58.000,白宫：特朗普已签署行政令 将对加拿大关税税率上调至35%
财联社,2025-08-01 07:12:45.000,朝中社：美日军事同盟逐渐变为“核同盟” 危险性不容忽视
财联社,2025-08-01 07:12:39.000,非洲多国出现猴痘疫情并发现变异毒株
同花顺,2025-08-01 07:11:57.000,贵州：实施新一轮居民增收行动方案，确保居民收入增长与经济增长基本同步
同花顺,2025-08-01 07:08:56.000,瑞银：全球家族办公室对中国市场的投资兴趣逐渐升温
同花顺,2025-08-01 07:07:00.000,诺和诺德欧股下跌4.9%
同花顺,2025-08-01 07:06:45.000,英国国债开盘走低，10年期国债收益率上涨5个基点至4.62%
同花顺,2025-08-01 07:01:51.000,A股收评：创业板指探底回升跌0.24%，医药板块表现强势
同花顺,2025-08-01 07:01:14.000,ETF收评：恒生消费ETF领涨4.69%，油气资源ETF领跌4.18%
同花顺,2025-08-01 07:00:45.000,欧洲主要股指开盘全线下跌，德国DAX30指数跌1.05%
财新网,2025-08-01 07:00:00.000,特朗普给大药企写信要求立即降价
同花顺,2025-08-01 06:55:48.000,英诺赛科回应与英伟达合作：处于测试阶段，尚无实质订单
同花顺,2025-08-01 06:55:10.000,浙江建投等成立智能建造工程公司 含机器人业务
同花顺,2025-08-01 06:52:24.000,查验时间缩短90%，“跨境绿通中越直达”常态化运输今日发车
同花顺,2025-08-01 06:51:14.000,芯海科技筹划H股上市，公司回应
同花顺,2025-08-01 06:46:17.000,沪深京三市成交额超1.5万亿元，较上日此时缩量3189亿元
同花顺,2025-08-01 06:45:21.000,招银国际：看好AI眼镜产业的蓬勃发展 对小米、丘钛科技及瑞声科技评级“买入”
同花顺,2025-08-01 06:43:29.000,德国北部一段铁路电缆管道起火 疑似人为纵火
同花顺,2025-08-01 06:40:10.000,文化传媒板块午后走强 湖北广电涨停封板
同花顺,2025-08-01 06:37:56.000,10%+40% 美对巴西商品加征巨额关税 巴西：主权不让步
同花顺,2025-08-01 06:37:29.000,广期所工业硅主力合约跌幅扩大至4%
同花顺,2025-08-01 06:05:38.000,多模态AI板块短线拉升 万兴科技、鼎捷数智涨超10%
同花顺,2025-08-01 06:02:16.000,乌称俄新一轮空袭已致基辅28人死亡
同花顺,2025-08-01 06:02:11.000,山东：逐步稳妥推广应用辅助驾驶 实施自动驾驶“示范应用”行动
同花顺,2025-08-01 05:57:42.000,特朗普：不管有没有用 我都要制裁俄罗斯
同花顺,2025-08-01 05:56:38.000,中国石化盘中跌超5%
同花顺,2025-08-01 05:55:56.000,济南：开启下半年第二轮汽车消费补贴 补贴总额共1200万元
同花顺,2025-08-01 05:54:16.000,Deepseek关联公司公布大语言模型部署方法专利
同花顺,2025-08-01 05:47:16.000,造纸板块午后拉升 凯恩股份、松炀资源涨停
同花顺,2025-08-01 05:46:57.000,比亚迪公布自动充电及充气机器人专利  可提升智能化体验
财新网,2025-08-01 05:45:00.000,数据推荐：跨省跨区交易电量同比增一成
同花顺,2025-08-01 05:43:55.000,TikTok内部组织架构调整：核心产品团队与信任与安全产品团队合并
同花顺,2025-08-01 05:40:10.000,精艺股份等成立科技公司 含光缆制造业务
同花顺,2025-08-01 05:38:18.000,大商所焦煤主力合约跌超8%
同花顺,2025-08-01 05:37:34.000,创业板指跌1%
同花顺,2025-08-01 05:32:49.000,今年全球科技业裁员人数已超8万人
同花顺,2025-08-01 05:30:40.000,中国机器人足球队首次获机器人足球世界杯人形组成人组冠军
同花顺,2025-08-01 05:25:53.000,金杯电工：盾构机用特种电缆应用于川藏铁路工程
同花顺,2025-08-01 05:24:51.000,数字货币概念走弱 恒宝股份跌超6%
同花顺,2025-08-01 05:13:09.000,免签入区30天 上海东方枢纽国际商务合作区年底前实现先行启动区封闭运行
同花顺,2025-08-01 04:37:40.000,达美航空航班遇湍流剧烈颠簸 25人送医
同花顺,2025-08-01 04:20:12.000,8月1日午间公告一览：炬申股份向不特定对象发行可转换公司债券申请获深交所受理
同花顺,2025-08-01 04:11:41.000,国家发展改革委：上半年最终消费对经济增长贡献率达52%
同花顺,2025-08-01 04:06:50.000,荣信文化等成立新公司 含多项AI相关业务
同花顺,2025-08-01 04:03:50.000,港股午评：恒指收跌0.18% 科指收涨0.13%
同花顺,2025-08-01 03:58:53.000,港股英诺赛科拉升涨超30%
同花顺,2025-08-01 03:58:05.000,上海无人驾驶出租车上线 公众可体验
同花顺,2025-08-01 03:55:02.000,湖北光伏装机首超火电 全省四分之一电力来自新能源
同花顺,2025-08-01 03:42:38.000,国家广播电视总局办公厅关于2025年7月全国国产电视动画片制作备案公示
同花顺,2025-08-01 03:40:51.000,周杰伦演唱会带动消费超11亿元 演唱会门票每花1元拉动消费4.8元
同花顺,2025-08-01 03:39:49.000,宁德时代在珠海投资成立新公司
同花顺,2025-08-01 03:32:59.000,A股午评：沪指窄幅震荡收跌0.19%，医药板块全线走强
同花顺,2025-08-01 03:32:00.000,ETF午评：恒生消费ETF领涨4.59%，油气资源ETF领跌3.77%
同花顺,2025-08-01 03:31:11.000,2025ChinaJoy开幕，千余款数娱新品亮相
同花顺,2025-08-01 03:27:37.000,国家发改委：重点整治为排挤竞争对低于成本价倾销
同花顺,2025-08-01 03:22:05.000,上半年智能手机产量5.63亿台，规模以上电子信息制造业增加值同比增长11.1%
同花顺,2025-08-01 03:17:04.000,美团盘中拉升一度涨超3% 外卖平台发文倡导抵制恶性竞争
同花顺,2025-08-01 03:13:13.000,洛钼巴西与卡塔朗市政府达成战略合作
同花顺,2025-08-01 03:11:46.000,泰国对涉华聚酰胺薄膜发起反倾销调查
同花顺,2025-08-01 03:11:30.000,辽宁省：持续深化公共服务数字化供给，推动全省数据中心集约化上云建设
同花顺,2025-08-01 03:07:35.000,电影 《罗小黑战记2》票房破3亿
同花顺,2025-08-01 03:01:12.000,市场监管总局：食品类年营收500万元及以上直播电商平台经营者应配备食品安全总监
同花顺,2025-08-01 02:58:44.000,天津市艾锐人工智能人才创业投资基金成立
同花顺,2025-08-01 02:53:01.000,三大指数全线翻绿 全市场超2900只个股上涨
同花顺,2025-08-01 02:50:49.000,银行板块探底回升 青岛银行涨超2%
同花顺,2025-08-01 02:50:17.000,李斌：全新蔚来ES8将于8月下旬举办技术发布会并开启预售
财新网,2025-08-01 02:50:00.000,苹果最新季度营收远超市场预期
同花顺,2025-08-01 02:48:55.000,市场监管总局公开征求《直播电商落实食品安全主体责任监督管理规定》意见
同花顺,2025-08-01 02:47:15.000,香港《稳定币条例》今日生效，将于2026年初发出首阶段牌照
同花顺,2025-08-01 02:45:21.000,南向资金净买入超30亿港元
同花顺,2025-08-01 02:43:40.000,国家发改委：大力推进人工智能规模化商业化应用
同花顺,2025-08-01 02:40:07.000,淘宝饿了么：坚决抵制恶性竞争，合作促进生态共赢
同花顺,2025-08-01 02:38:52.000,国家发改委：将加大交通、能源、水利等领域向民间资本推介力度
同花顺,2025-08-01 02:38:42.000,国家发改委：落实提升消费专项行动部署，聚焦文旅、体育、养老、医疗等方面
同花顺,2025-08-01 02:37:07.000,国家发改委：坚定不移实施扩大内需战略，坚定不移推动高水平科技自立自强
同花顺,2025-08-01 02:35:53.000,美团：呼吁行业共同构建良好生态 促进餐饮服务行业规范健康持续发展
同花顺,2025-08-01 02:35:51.000,大商所焦煤主力合约跌超5%
同花顺,2025-08-01 02:35:19.000,最高法：劳动者故意不签合同 单位不支付二倍工资
同花顺,2025-08-01 02:32:47.000,最高法发布司法解释 统一审理劳动争议案件法律适用标准
同花顺,2025-08-01 02:29:05.000,国家发改委：两重建设项目清单8000亿元全部下达
同花顺,2025-08-01 02:28:49.000,美情报机构网络攻击我国防军工领域频繁
同花顺,2025-08-01 01:34:45.000,物流板块异动拉升 申通快递涨停封板
同花顺,2025-08-01 01:31:44.000,地面兵装板块持续走低 北方长龙跌超7%
同花顺,2025-08-01 01:29:44.000,国债期货多数低开
同花顺,2025-08-01 01:26:37.000,ETF开盘：恒生消费ETF领涨4.89%，油气资源ETF领跌3.06%
同花顺,2025-08-01 01:21:53.000,昨日ETF两市资金净流入132.80亿元
同花顺,2025-08-01 01:21:10.000,央行今日开展1260亿元7天期逆回购操作
同花顺,2025-08-01 01:20:53.000,港股开盘：恒生指数低开0.12%
同花顺,2025-08-01 01:17:04.000,昨日ETF两市融资融券余额1047.59亿元
同花顺,2025-08-01 01:16:47.000,人民币兑美元中间价报7.1496，下调2点
同花顺,2025-08-01 01:11:47.000,智己汽车IM AD辅助驾驶方案登陆澳大利亚市场
同花顺,2025-08-01 01:09:28.000,韩国基准股指创4月以来最大跌幅 因政府计划提高资本利得税
同花顺,2025-08-01 01:05:31.000,中船应急：目前公司不存在尚未整改完毕的事项
同花顺,2025-08-01 01:00:22.000,期市早盘开盘：国内期货主力合约多数下跌
同花顺,2025-08-01 01:00:13.000,富时中国A50指数期货开跌0.14%
同花顺,2025-08-01 00:57:28.000,韩国KOSPI指数跌幅扩大至3%
同花顺,2025-08-01 00:55:33.000,兵器工业集团无人艇复合装甲完成交付
同花顺,2025-08-01 00:53:05.000,比特币失守115000美元/枚，日内跌幅0.68%
同花顺,2025-08-01 00:50:56.000,国资委：抓紧推进国资央企三级规划编制
财新网,2025-08-01 00:10:53.539,今日可关注
财新网,2025-08-01 00:10:37.495,个股表现方面
财新网,2025-08-01 00:10:20.709,2025年8月1日
财新网,2025-08-01 00:10:05.148,2025年8月1日早上好
同花顺,2025-08-01 00:09:49.000,领航医药生物科技：董事会建议将公司名称改为星太链集团有限公司
同花顺,2025-08-01 00:01:07.000,日韩股市低开
同花顺,2025-07-31 23:59:18.000,光大证券：二季度“抢进口”效应减弱 美国消费与投资难掩疲弱 下半年或重启降息
同花顺,2025-07-31 23:48:53.000,年内诞生12只业绩“翻倍基” 港股配置成制胜关键
同花顺,2025-07-31 23:42:48.000,马斯克：目前没有利用特斯拉股票的个人贷款
同花顺,2025-07-31 23:36:51.000,美国公布新关税令后 加元持稳、瑞郎下跌
同花顺,2025-07-31 23:34:39.000,特朗普签署行政令 确定多国“对等关税” 税率自10%至41%不等
同花顺,2025-07-31 23:34:27.000,与特朗普“决裂”后 马斯克再向共和党阵营捐款千万美元
同花顺,2025-07-31 23:31:01.000,日本6月失业率为2.5%，预期2.50%，前值2.50%
同花顺,2025-07-31 23:29:44.000,通义千问推出「甜品级」编程模型Qwen3-Coder-Flash
同花顺,2025-07-31 23:25:30.000,马斯克：将向Grok Heavy订阅用户推出Imagine和Valentine测试版
同花顺,2025-07-31 23:24:44.000,爱得威建设集团：重新申请破产重整，继续停牌
同花顺,2025-07-31 23:22:32.000,朝中社：日方进入B-52基地 美日进行使用核武器桌上演习
同花顺,2025-07-31 23:19:10.000,美元兑瑞郎USD/CHF短线走高，最新报0.8133
同花顺,2025-07-31 23:18:18.000,河北兴隆杨家台村已抢通通往外界道路
新浪财经,2025-07-31 20:20:00.000,机械设备行业CFO观察：专科及以下学历占比17%  中际联合任慧玲专科学历 以284万元薪酬居行业第四
新浪财经,2025-07-31 18:58:00.000,美容护理CFO薪酬PK：青松股份90年汪玉聪年薪百万业内最年轻，任期内公司曾连亏三年、营收已连降4年
新浪财经,2025-07-31 18:57:00.000,美容护理CFO薪酬PK: 贝泰妮CFO王龙年薪282万元 公司净利润连续两年大幅下滑、多项营运能力指标下滑
新浪财经,2025-07-31 18:56:00.000,美容护理CFO薪酬PK: 爱美客CFO张仁朝年薪233.5万元 公司多项盈利能力指标下滑
新浪财经,2025-07-31 18:55:00.000,美容护理CFO薪酬PK: 稳健医疗CFO方修元年薪201.5万元 公司应收账款占比持续增长、毛利率下降
新浪财经,2025-07-31 18:43:00.000,食品饮料行业上市公司财务总监PK：贵州茅台财务总监蒋焰薪酬81.84万元 与市场均值持平
新浪财经,2025-07-31 18:40:00.000,非银金融CFO盘点：拉卡拉周钢2024年薪酬最高为425万元小幅上涨  公司归母净利润跌23%
新浪财经,2025-07-31 18:39:00.000,公用事业行业财务总监CFO观察：梅雁吉祥财务总监刘冬梅薪酬64万元 4次的违规记录 薪酬与公司业绩呈剪刀差
新浪财经,2025-07-31 18:38:00.000,非银金融董秘盘点：锦龙股份陈浪年龄最小今年33岁 华鑫股份胡之奎60岁年龄最大
新浪财经,2025-07-31 18:36:00.000,食品饮料行业上市公司财务总监PK：金徽酒财务总监谢小强薪酬达216.85万元 白酒行业排第二
新浪财经,2025-07-31 18:12:00.000,公用事业行业董秘观察：4位35岁以下的董秘中3位均为卖方出身 百川能源李思萌曾任高级分析师 薪酬三年降13万
新浪财经,2025-07-31 18:10:00.000,公用事业行业董秘观察：4位35岁以下的董秘中3位均为卖方出身 投行出身的赵睿以85万元薪酬加入ST金鸿
新浪财经,2025-07-31 18:08:00.000,公用事业行业董秘观察：4位35岁以下的董秘中3位均为卖方出身 山高环能宋玉飞以103万元薪酬转型最为成功
新浪财经,2025-07-31 18:06:00.000,公用事业行业董秘观察：8位董秘曾在2024-2025年出现违规 梅雁吉祥胡苏平4次违规 位居首位
新浪财经,2025-07-31 18:05:00.000,公用事业行业董秘观察：恒盛能源余国旭67岁 学历高中 为行业内年龄最大学历最低 薪酬约85万元
新浪财经,2025-07-31 17:49:00.000,美容护理CFO薪资PK:贝泰妮董秘王龙年薪282万元远超行业均值、公司市值连续三年下降
新浪财经,2025-07-31 17:48:00.000,美容护理CFO薪资PK:爱美客董秘简勇年薪213万元远超行业均值、公司市值连续两年下降
新浪财经,2025-07-31 17:45:00.000,机械设备行业董秘观察：41位董秘近年出现违规 新莱应材朱孟勇因内幕交易被罚没217万元
新浪财经,2025-07-31 17:44:00.000,机械设备行业董秘观察：41位董秘近年出现违规 昊志机电肖泳林出现1次违规 罚款200万元 薪酬仍高达124万元
新浪财经,2025-07-31 17:44:00.000,机械设备行业董秘观察：41位董秘近年出现违规 亿嘉和张晋博出现1次违规 薪酬仍高达103万元
新浪财经,2025-07-31 17:43:00.000,机械设备行业董秘观察：41位董秘近年出现违规 中集集团吴三强博士学历违规1次 薪酬高达264万元为行业第二
新浪财经,2025-07-31 17:42:00.000,机械设备行业董秘观察：41位董秘近年出现违规 凌云光顾宝兴共违规2次 薪酬仍高达166万元
新浪财经,2025-07-31 17:41:00.000,机械设备行业董秘观察：41位董秘近年出现违规 咸亨国际叶兴波博士学历 违规次数高达3次 薪酬仍高达100万元
新浪财经,2025-07-31 17:40:00.000,机械设备行业董秘观察：30岁以下年轻董秘共3位 其中凯格精机邱靖琳2024年薪酬为76万元 超行业平均水平
新浪财经,2025-07-31 17:39:00.000,机械设备行业董秘观察：诺力股份丁毅73岁 为行业内年龄最高 薪酬为104万元
新浪财经,2025-07-31 17:38:00.000,机械设备行业董秘观察：赛腾股份孙丰薪酬高达622万元 花溪科技史守义薪酬仅不到12万元 相差超50倍
新浪财经,2025-07-31 17:32:00.000,社会服务行业董秘观察：卖方首席转型董秘 前德邦传媒首席马笑加入力盛体育 前国联机械首席张旭加入信测标准
新浪财经,2025-07-31 17:31:00.000,社会服务行业董秘观察：卖方转型董秘薪酬悬殊 众信旅游郭镭薪酬仅32万元 不敌创业黑马徐文峰薪酬一半
新浪财经,2025-07-31 17:30:00.000,社会服务行业董秘观察：三特索道董秘曹正从记者转型资本市场 其薪酬高达90万元超行业水平 曾出现违规情况
新浪财经,2025-07-31 17:29:00.000,社会服务行业董秘观察：中公教育董秘龚亚芳薪酬高达108万元 其本科却是中国矿业大学行政管理专业
新浪财经,2025-07-31 17:28:00.000,社会服务行业董秘观察：首旅酒店段中鹏年龄58岁为行业内最大 薪酬高达175万元为行业内第二
新浪财经,2025-07-31 17:27:00.000,社会服务行业董秘观察：电科院张悦焱仅31岁担任董秘 为行业内最年轻
新浪财经,2025-07-31 17:24:00.000,社会服务行业董秘观察：西安饮食梦蕾薪酬约25万元 为行业内最低
新浪财经,2025-07-31 17:20:00.000,社会服务行业董秘观察：行动教育杨林燕薪酬高达195万元 为行业内最高
新浪财经,2025-07-31 17:05:00.000,国信证券保荐蓝宇股份IPO项目质量评级B级 排队周期超两年
新浪财经,2025-07-31 16:47:00.000,帝科股份负债率82%斥资7亿重启收购 交易前标的大幅减资或为规避监管
新浪财经,2025-07-31 16:45:00.000,东吴证券保荐林泰新材IPO项目质量评级A级 承销保荐佣金率较高
新浪财经,2025-07-31 16:33:00.000,国新证券保荐科隆新材IPO项目质量评级A级 信披质量有提升空间
新浪财经,2025-07-31 16:24:00.000,美容护理CFO薪酬PK：青松股份90年百万年薪CFO汪玉为业内最年轻 任期内青松股份曾连亏三年、营收已连降4年
新浪财经,2025-07-31 16:17:00.000,晶阳机电IPO折戟：合规瑕疵与行业寒冬双重夹击下的资本困局
新浪财经,2025-07-31 16:13:00.000,福莱蒽特战略收缩：光伏子公司停产歇业背后的行业寒冬与转型阵痛
新浪财经,2025-07-31 16:05:00.000,美容护理CFO薪酬PK： 贝泰妮CFO王龙年薪282万元 公司净利润连续两年大幅下滑、多项营运能力指标下滑
新浪财经,2025-07-31 16:04:00.000,美容护理CFO薪酬PK： 爱美客CFO张仁朝年薪233.5万元 公司多项盈利能力指标下滑
新浪财经,2025-07-31 15:55:00.000,食品饮料行业上市公司董秘PK：张裕A董秘姜建勋59岁年纪最大 去年降薪25.54万元
新浪财经,2025-07-31 15:53:00.000,食品饮料行业上市公司董秘PK：燕塘乳业董秘李春锋大幅加薪 从70.4万涨至122.99万元
新浪财经,2025-07-31 15:51:00.000,食品饮料行业上市公司董秘PK：东鹏饮料董秘张磊薪酬最高达546.55万元 年仅48岁博士学历
新浪财经,2025-07-31 15:48:00.000,食品饮料行业上市公司董秘PK：30家公司董秘降薪 光明肉业董秘何茹下降91.8万元
新浪财经,2025-07-31 15:46:00.000,美容护理CFO薪酬PK：珀莱雅CFO王莉年薪293万登顶、约是两面针CFO王为民年薪的9倍
新浪财经,2025-07-31 15:01:00.000,农林牧渔行业上市公司董秘PK：22位董秘去年薪酬下滑 中粮科技董秘潘喜春薪酬降76.49万元
新浪财经,2025-07-31 14:12:00.000,农林牧渔行业上市公司财务总监PK：海大集团财务总监杨少林薪酬最高达425.81万元 去年大幅加薪
新浪财经,2025-07-31 14:08:00.000,农林牧渔行业上市公司财务总监PK：4位40岁以下财务总监薪酬超百万 欧福蛋业夏冰清薪酬达到169.55万
新浪财经,2025-07-31 13:59:00.000,农林牧渔行业上市公司财务总监PK：神农种业郑抗63岁年龄最大 年薪35.87万元远低于行业均值
财新网,2025-07-31 12:30:00.000,夜读深度：从一份财报看发电企业形势
新浪财经,2025-07-31 12:04:00.000,有色金属CFO薪酬PK：鑫科材料应收账款占比持续增长周转能力趋弱 93年CFO席丽娟年龄最小
新浪财经,2025-07-31 12:03:00.000,有色金属CFO薪酬PK：中金岭南2024年营收下降 CFO潘文皓年薪高达264万远超行业平均
新浪财经,2025-07-31 12:02:00.000,环保行业CFO学历盘点：本硕学历占比89% 海天股份财务总监刘华专科学历年薪76万
新浪财经,2025-07-31 12:01:00.000,环保行业CFO盘点：艾布鲁财务总监75岁为环保行业年龄最大 年薪低于行业均值
新浪财经,2025-07-31 12:01:00.000,有色金属CFO薪酬PK:华友钴业应收账款/存货/总资产周转率持续下降 CFO王军薪资达558万亿元
新浪财经,2025-07-31 12:00:00.000,环保行业CFO盘点：金圆股份财务总监百万年薪 隐瞒资金占用
新浪财经,2025-07-31 11:58:00.000,环保行业CFO人均薪酬58万 浙富控股财务总监年薪百万 未准确认定关联方
新浪财经,2025-07-31 11:52:00.000,房地产行业上市公司董秘PK：24%董秘年薪超百万 中新集团陆海粟薪酬最高达287.67万元
新浪财经,2025-07-31 11:49:00.000,商贸零售行业财务总监学历以本硕为主 仅吉宏股份、汇嘉时代等5家为专科学历
新浪财经,2025-07-31 11:49:00.000,房地产行业上市公司董秘PK：24%董秘去年薪酬上涨 万业企业周伟芳从108.42万元涨至152.04万元
新浪财经,2025-07-31 11:46:00.000,环保行业深水海纳财务总监达244万元位居榜首 财务数据质量堪忧领罚单
新浪财经,2025-07-31 11:45:00.000,房地产行业上市公司董秘PK：34%董秘去年降薪 华发股份董秘侯贵明降薪266.82万元至173.78万元
新浪财经,2025-07-31 11:41:00.000,房地产行业上市公司董秘PK：40-50岁董秘为主力硕士学历占到61% 华夏幸福黎毓珊年纪最小
新浪财经,2025-07-31 11:40:00.000,豫园股份、美凯龙24年陷入巨额亏损 董秘薪酬却大幅飙涨至641万元、514万元
新浪财经,2025-07-31 11:31:00.000,大有能源董秘薪酬132万行业TOP5 重大诉讼披露不及时领罚单
新浪财经,2025-07-31 11:28:00.000,计算机行业上市公司财务总监PK：三六零2024年营利双降，CFO张海龙年薪474万元全行业最高，折合日薪近2万元
新浪财经,2025-07-31 11:23:00.000,房地产行业上市公司财务总监PK：中国国贸林南春67岁为年纪最大财务总监 年薪达166万元
新浪财经,2025-07-31 11:22:00.000,安源煤业资产负债率要爆表？财务总监薪酬超行业均值
新浪财经,2025-07-31 11:21:00.000,房地产行业上市公司财务总监PK：云南城投财务总监巩明薪酬最低 仅18.23万元
新浪财经,2025-07-31 11:17:00.000,房地产行业上市公司财务总监PK：京投发展亏损超10亿 财务总监年薪达146.75万远超行业均值
新浪财经,2025-07-31 11:12:00.000,通信行业上市公司董秘PK：太辰光董秘蔡波大专学历，年薪169.74万元，是本科学历平均薪酬2.8倍
新浪财经,2025-07-31 11:10:00.000,建筑装饰业CFO群体观察：隧道股份葛以衡246万领跑 老将ST柯利达孙振华、文科股份聂勇收警示函
新浪财经,2025-07-31 11:09:00.000,建筑装饰业CFO群体观察：中材国际等22家公司未有继任CFO 东方园林李在渊年薪近百万却违规受罚
新浪财经,2025-07-31 10:43:00.000,建筑材料业CFO群体观察：万里石朱著香已过退休年龄仍在岗 上峰水泥孟维忠最高学历为中职
新浪财经,2025-07-31 10:35:00.000,轻工制造业CFO盘点：紫江企业秦正余去年年薪最高超400万元 德尔未来吴惠芳学历最低仅为中专学历
新浪财经,2025-07-31 10:34:00.000,家用电器业CFO群体观察：禾盛新材周万民67岁在岗超18年 联域股份李群艳、天银机电李荟为“90后”女性CFO
新浪财经,2025-07-31 10:34:00.000,家用电器业CFO群体观察：海尔智家等5家公司CFO一职真空 东方电热罗月芬年薪最低仅15.48万
新浪财经,2025-07-31 10:34:00.000,家用电器业CFO群体观察：美的钟铮年薪946万登顶 拾比佰财务总监田建龙收警示函
新浪财经,2025-07-31 10:19:00.000,建筑装饰业董秘群体观察：精工钢构沈月华任职逾17年 中材国际两任董秘共接待超730次
新浪财经,2025-07-31 10:17:00.000,建筑装饰业董秘群体观察：深桑达A李安东年薪316万为第二名两倍 郑中设计王小颖因虚报独立董事信息收警示函
新浪财经,2025-07-31 10:14:00.000,建筑装饰业董秘群体观察：美丽生态“90后”董秘陈美玲仅30岁 全筑股份孙海军年薪不足20万
新浪财经,2025-07-31 10:13:00.000,汽车行业董秘薪酬榜：威孚高科年内多项违规受处罚 董秘刘进军年薪翻倍
新浪财经,2025-07-31 10:10:00.000,汽车行业董秘薪酬榜：比亚迪李黔532万居首 成业内唯一年薪超500万董秘
新浪财经,2025-07-31 10:07:00.000,交通运输行业CFO薪酬榜：顺丰控股何捷年薪785万 领先第二名500万、超业内均值10倍
新浪财经,2025-07-31 10:05:00.000,建筑材料业董秘群体观察：九鼎新材缪振75岁仍在岗 三和管桩余俊乐年龄最小仅32岁
新浪财经,2025-07-31 10:03:00.000,交通运输行业CFO薪酬榜：大众交通董监高报酬披露不实被罚 CFO郭红英年薪230万位列业内第三
新浪财经,2025-07-31 10:02:00.000,建筑材料业董秘群体观察：中国巨石丁成车200万年薪居首 海南瑞泽秦庆同比降薪近80万
新浪财经,2025-07-31 10:02:00.000,非银金融董秘盘点：中原证券郭良勇薪酬最低背后公司连收罚单 华西证券曾颖学历最低仅是大专
新浪财经,2025-07-31 10:02:00.000,建筑材料业董秘群体观察：伟星新材谭梅任职近18年 一年接待高达713次
新浪财经,2025-07-31 10:00:00.000,电力设备行业CFO薪酬榜：隆基绿能刘学文451万居首 年薪腰斩后仍大幅领先
新浪财经,2025-07-31 09:59:00.000,钢铁行业公司财务总监PK：50岁以上CFO成为中坚力量 宝钢股份王娟年薪超200万行业第一
新浪财经,2025-07-31 09:57:00.000,石油石化公司财务总监PK：40岁以上CFO占比近9成 恒力石化专科学历CFO拿下150万年薪
新浪财经,2025-07-31 09:56:00.000,电力设备行业CFO薪酬榜：贝特瑞董事长内幕交易被罚2000万 CFO刘志文大专学历上榜
新浪财经,2025-07-31 09:55:00.000,医药上市公司财务总监PK：迈瑞医疗CFO年薪登顶 *ST四环29岁CFO任职不满一年即离职
新浪财经,2025-07-31 09:52:00.000,汽车行业CFO薪酬榜：绿通科技全年营收下滑23% 彭丽君年薪跻身业内前十
新浪财经,2025-07-31 09:52:00.000,钢铁行业公司董秘PK：大中矿业董秘27岁入职即已年薪百万 杭钢股份年接待投资者超700次
新浪财经,2025-07-31 09:51:00.000,家用电器业董秘群体观察：亿田智能董博年29岁成最年轻董秘 三花智控胡凯程、石头科技孙佳接待破千次
新浪财经,2025-07-31 09:49:00.000,石油石化公司董秘PK：最小董秘年仅27岁 大庆华科年接待投资者近900次
新浪财经,2025-07-31 09:47:00.000,医药上市公司董秘PK：最年轻董秘年仅28岁 盟科药业董秘任职不足一年年薪超300万
新浪财经,2025-07-31 09:25:00.000,家用电器业董秘群体观察：海立股份罗敏任职超14年 宏海科技周子乔年薪不足15万
财新网,2025-07-31 09:00:00.000,三星电子的业绩麻烦加剧
财新网,2025-07-31 07:30:00.000,需要担心债基赎回“踩踏”吗
财新网,2025-07-31 05:50:00.000,数据推荐：文化企业利润提升
财新网,2025-07-31 03:30:00.000,芯片行业复苏前景不明朗
财新网,2025-07-31 02:20:00.000,热点数据：7月统计局制造业PMI回落至49.3
财新网,2025-07-31 01:35:14.000,卖英伟达买苹果 华尔街的这条策略靠谱吗
财新网,2025-07-31 00:02:42.858,7月31日
新浪财经,2025-07-30 18:09:00.000,传媒董秘薪酬PK：三七互娱董秘兼CFO叶威年薪498.66万元行业登顶 约是行业平均薪酬的5.6倍
新浪财经,2025-07-30 18:07:00.000,传媒CFO薪酬PK：因赛集团2024年增收减利 最年轻CFO王明子现年35岁 年薪48.3万元仅是行业平均薪酬一半
新浪财经,2025-07-30 18:06:00.000,传媒CFO薪酬PK：时代出版2024年收入利润双降 CFO桂宾大专学历已在公司任职10年 薪酬50.41万元与上年持平
新浪财经,2025-07-30 17:58:00.000,传媒董秘薪酬观察：江苏有线董秘孙圣安年薪暴涨68.39% 约是同期公司营收增速的13.5倍
新浪财经,2025-07-30 17:43:00.000,纺织行业上市公司董秘PK：健盛集团董秘张望望年薪增幅最大同比增长167%、为行业最年轻董秘
新浪财经,2025-07-30 17:25:00.000,浙商证券保荐方正阀门IPO项目质量评级A级 承销保荐佣金率较高
新浪财经,2025-07-30 16:26:00.000,大行科工港股IPO：生产严重依赖代工质量问题频发 83岁高龄实控人把持九成股权 递表期间突击清仓式分红
新浪财经,2025-07-30 14:54:00.000,纺织行业上市公司财务总监PK：华孚时尚王国友61岁大专学历、为纺织行业年龄最大财务总监
新浪财经,2025-07-30 14:48:00.000,纺织行业上市公司财务总监PK：ST金比2025年H1预亏 90后财务总监林贵贤深度参与医美转型
财新网,2025-07-30 12:30:00.000,夜读深度：商业物业重回投资者视野
财新网,2025-07-30 09:30:00.000,热点数据：福建房地产开发投资降三成
财新网,2025-07-30 08:30:00.000,解析这一轮债市急跌
财新网,2025-07-30 07:40:00.000,数据推荐：实际使用外资降幅扩大
财新网,2025-07-30 06:40:00.000,数据推荐：港股总市值一年攀升三成
财新网,2025-07-30 05:40:00.000,美国商品贸易逆差收窄一成
财新网,2025-07-30 03:20:00.000,全球铜市场陷入动荡之后
财新网,2025-07-30 01:45:00.000,美国消费者信心回升了多少
财新网,2025-07-30 00:07:07.700,7月30日
财新网,2025-07-29 12:30:00.000,夜读深度：反内卷与光伏业自救
财新网,2025-07-29 09:20:00.000,股市增量资金主要流向何处？
财新网,2025-07-29 08:00:00.000,美国新手机超过四成印度产
财新网,2025-07-29 07:00:00.000,热点数据：上半年地方GDP西藏领跑
财新网,2025-07-29 05:50:00.000,麦当劳开始卖香港的铺位
财新网,2025-07-29 03:40:00.000,数据推荐：巧克力巨头为何集体涨价？
财新网,2025-07-29 02:18:44.000,日本对美5500亿美元新投资的虚实
财新网,2025-07-29 01:30:00.000,数据推荐：铁矿石港口库存
财新网,2025-07-29 00:04:04.979,7月29日
财新网,2025-07-28 12:30:00.000,夜读深度：中年再就业之难
财新网,2025-07-28 09:20:00.000,这一轮锂价反弹能持续多久
财新网,2025-07-28 07:50:00.000,LV等重奢品牌要靠潮流商圈“续命”？
财新网,2025-07-28 06:30:00.000,如何用公募基金交易雅下水电主题
财新网,2025-07-28 03:15:00.000,热点数据：6月工业企业利润继续同比下降
财新网,2025-07-28 01:40:00.000,数据推荐：上半年国内新增光伏装机翻倍
财新网,2025-07-28 00:03:57.131,7月28日
新浪财经,2025-07-25 16:55:00.000,九号公司：价格短期波动大疑“背刺”消费者 电动车成非法改装的“重灾区”多次被官方点名
新浪财经,2025-07-25 16:17:00.000,“药转保”余波未平 惠民保增长见顶 镁信健康带“雷”闯关百亿IPO
新浪财经,2025-07-25 16:15:00.000,德适生物IPO：低“AI含量”产品贡献主要营收 裁员、缩减研发仍难止血现金储备仅剩500余万
财新网,2025-07-25 15:34:42.983,夜读深度：全球股市红火与隐忧
新浪财经,2025-07-25 15:05:00.000,云知声市值激增逾170亿港元：磐谷创投118倍回报领跑 D轮后入股国资平均收益率282%
新浪财经,2025-07-25 13:41:00.000,中国儒意接盘万达快钱金融30%股权 后者曾被曝涉嫌为高利贷提供支付通道 因合规顽疾四年被罚超1700万
新浪财经,2025-07-25 12:48:00.000,国泰海通最享受板块红利 超三成IPO保荐企业还破发 31家破发数量排行业第一|科创板6周年
新浪财经,2025-07-25 12:38:00.000,中信建投承销额仍居前五但执业质量遭遇“滑铁卢” 连续三年与A类投行无缘|科创板6周年
新浪财经,2025-07-25 12:33:00.000,东兴证券“踩雷”欺诈发行第一股 近四年在科创板“交白卷”储备项目归0|科创板6周年
新浪财经,2025-07-25 12:27:00.000,唯一转板企业被实施退市风险警示 中信证券是否勤勉尽责待考|科创板6周年
财新网,2025-07-25 09:40:00.000,分析人士：Alphabet最新财报让股价短期乐观
财新网,2025-07-25 08:40:00.000,英特尔新任CEO的翻盘战略
财新网,2025-07-25 07:40:00.000,数据推荐：无烟煤价格触底反弹
财新网,2025-07-25 06:25:00.000,RBC：关税对美国企业影响到秋季会更明显
财新网,2025-07-25 05:30:00.000,辩论稳定币的2万亿美元市值前景
财新网,2025-07-25 04:30:00.000,数据推荐：全球在减产粗钢
财新网,2025-07-25 02:36:32.000,AI算力建设忙，光模块马蹄劲
财新网,2025-07-25 01:45:00.000,数据推荐：韩国二季度GDP同比反弹
财新网,2025-07-25 01:18:16.263,地缘图志：特朗普造访美联储、欧盟对美反制关税
